's Gage,'s Gage,
 's Graveduin,'s Graveduin,
's Graveland,'s Graveland,
's Gravelduin Capelle,'s Gravelduin Capelle,
's Gravendeel,'s Gravendeel,
's Gravenland,'s Gravenland,
's Gravenpolder,'s Gravenpolder,
's Gravenzande,'s Gravenzande,
"""s Gravenzande",'s Gravenzande,
's Gravezande,'s Gravezande,
's Grevelduin Capelle,'s Grevelduin Capelle,
's Heer Arendskerke,'s Heer Arendskerke,Q2638564
's Heerarendskerke,'s Heerarendskerke,
's Heerenberg,'s Heerenberg,Q425810
's-Graveland,'s-Graveland,Q1615351
's-Gravenland,'s-Gravenland,
's-Gravenpolder,'s-Gravenpolder,Q2307619
's-Hertogenbosch,'s-Hertogenbosch,Q2766547
's. Bosch,'s. Bosch,
'st. Paulien,'st. Paulien,
't Hof van Delft,'t Hof van Delft,
't Meer,'t Meer,
't Meer bij Heerenveen,'t Meer bij Heerenveen,
't Zandt,'t Zandt,Q2253750
(Vessem) Wintelré en Knegsel,(Vessem) Wintelré en Knegsel,
á Rumiellies ,á Rumiellies ,
aaeen,aaeen,
Aalburg,Aalburg,Q9808
Aalsmeer,Aalsmeer,Q9897
Aalst,Aalst,Q478761
Aalst (Belgie),Aalst (Belgie),
Aalten,Aalten,Q275909
Aalzum,Aalzum,
Aar,Aar,Q1675
Aardenburg,Aardenburg,Q955
Aardswoud,Aardswoud,
Aardswouw,Aardswouw,
Aarlanderveen,Aarlanderveen,Q2235855
Aarle-Rixtel,Aarle-Rixtel,Q2003434
Aasfelt,Aasfelt,
Abbega,Abbega,Q2296446
Abbenbroek,Abbenbroek,Q2654350
Abcoude,Abcoude,Q307103
Abcoude - Baambrugge,Abcoude - Baambrugge,
Abcoude Baambrugge,Abcoude Baambrugge,
Abcoude gemeente Vinkeveen,Abcoude gemeente Vinkeveen,
Abcoude Proosdij,Abcoude Proosdij,
Abcoude Proostdij,Abcoude Proostdij,
Abcoude-Baambrugge,Abcoude-Baambrugge,Q535988
Abcoude-Proosdij,Abcoude-Proosdij,Q2202402
Abcoude-Proostdij,Abcoude-Proostdij,Q2202402
Aberzem (B),Aberzem (B),
Achterveld,Achterveld,Q1975538
Achterveld bij Barneveld,Achterveld bij Barneveld,
18 hoven,Achtienhoven,
Achtkarspelen,Achtkarspelen,Q341024
Achttienhoven,Achttienhoven,Q1214739
Achttienhoven Hellaart,Achttienhoven Hellaart,
Achtttienhoven,Achtttienhoven,
Adorp,Adorp,Q366423
Aelst,Aelst,Q84563938
Aengewieren,Aengewieren,
Afferden,Afferden,Q944043
Afferden gem. Bergen,Afferden gem. Bergen,
Afferden gem. Druten,Afferden gem. Druten,
Afferden Gemeente Bergen Chemburg,Afferden Gemeente Bergen Chemburg,
afgeplakt,afgeplakt,
Aken,Aken,Q362390
Aken (D),Aken (D),
Akkerum,Akkerum,
Akkerwoude,Akkerwoude,Q1882277
Akkrum,Akkrum,Q2250527
Akkum,Akkum,Q26273567
Albcrude Proosdij,Albcrude Proosdij,
Alblasserdam,Alblasserdam,Q736131
Alem,Alem,Q2279097
Alfen (ZH),Alfen (ZH),
Alkemade,Alkemade,Q166134
Alkmaar,Alkmaar,Q972
Alkmaara,Alkmaara,
Alle,Alle,Q343184
Allen,Allen,Q219314
Almelo,Almelo,Q988
Almenum,Almenum,Q2197324
Alost (BElgië),Alost (België),
Alost (België),Alost (België),
Alphen,Alphen,Q416766
Alphen (Z.H.),Alphen (Z.H.),
Alphen a/d Maas Gemeente Appelterm,Alphen a/d Maas Gemeente Appelterm,
Alphen a/d Maas Gemeente Appeltern,Alphen a/d Maas Gemeente Appeltern,
Alphen aan de Maas gemeente Appeltem,Alphen aan de Maas gemeente Appeltem,
Alfen a/d Rijn,Alphen aan den Rijn,Q213246
Alphen a/d Rijn,Alphen aan den Rijn,Q213246
Alphen a/d Rijn ,Alphen aan den Rijn,Q213246
Alphen a/r,Alphen aan den Rijn,Q213246
Alphen a/Rijn,Alphen aan den Rijn,Q213246
Alphen aan de Rijn,Alphen aan den Rijn,Q213246
Alphen aan den Rijn,Alphen aan den Rijn,Q213246
Alphen en Riel,Alphen en Riel,Q2786655
Alphen Z.H.,Alphen Z.H.,
Alten,Alten,Q294520
Alten - Essen,Alten - Essen,
Alten Bochum,Alten Bochum,
Alteveer,Alteveer,Q1219236
Amasterdam,Amasterdam,
Ambl Doetinchem,Ambl Doetinchem,
Ambt Almelo,Ambt Almelo,Q1871633
A. Delden,Ambt Delden,
Ambt Doetichem,Ambt Doetichem,
Ambt Doetinchem,Ambt Doetinchem,Q2324595
Ambt Hardenberg,Ambt Hardenberg,Q2187899
ambt Hardenberg,Ambt Hardenberg,Q2187899
Ambt Ommen,Ambt Ommen,Q1814477
Ambt Vollenhove,Ambt Vollenhove,Q2043275
Ambt- Almelo,Ambt- Almelo,
Ambt-Delden,Ambt-Delden,
Ambt-Hardenberg,Ambt-Hardenberg,
Ambt-Harderberg,Ambt-Hardenberg,
Ambt. Doetinchem,Ambt. Doetinchem,
Ambt. Hardenberg,Ambt. Hardenberg,
Ambt. Vollenhove,Ambt. Vollenhove,
Ameide,Ameide,Q2842582
Ameide (Z.H.),Ameide (Z.H.),
Ameiden,Ameiden,
Ameijde,Ameijde,
Amerongen,Amerongen,Q1615400
Amerongen ,Amerongen ,Q1615400
Amersf.,Amersfoort,Q992
A.foort,Amersfoort,Q992
A' foort,Amersfoort,Q992
A'foort,Amersfoort,Q992
Amerfoort,Amersfoort,Q992
Amersfooort,Amersfoort,Q992
Amersfoort,Amersfoort,Q992
amersfoort,Amersfoort,Q992
Àmersfoort,Amersfoort,Q992
Amersfoort ,Amersfoort,Q992
Amersfoortd,Amersfoort,Q992
Amersfsoort,Amersfoort,Q992
Amwersfoort,Amersfoort,Q992
Anersfoort,Amersfoort,Q992
Amme,Amme,Q472889
Ammerzoden,Ammerzoden,Q2073542
Amstelveen,Amstelveen,Q9898
Amstelveen gem Nieuwer-Amstel,Amstelveen gem Nieuwer-Amstel,
Amstenrade,Amstenrade,Q2844505
Amsrterdam,Amsterdam,Q727
Amst.,Amsterdam,Q727
amst.d,Amsterdam,Q727
Amst.d,Amsterdam,Q727
Amst.d.,Amsterdam,Q727
Amstᵈ,Amsterdam,Q727
Amsteram,Amsterdam,Q727
amsteram,Amsterdam,Q727
Amsterd,Amsterdam,Q727
"A,sterdam",Amsterdam,Q727
A; dan,Amsterdam,Q727
A;'dam,Amsterdam,Q727
A..dam,Amsterdam,Q727
A.dam,Amsterdam,Q727
A'dam,Amsterdam,Q727
A'dan,Amsterdam,Q727
A’dam,Amsterdam,Q727
A/dam,Amsterdam,Q727
Adam,Amsterdam,Q727
Adam.,Amsterdam,Q727
Amsterdam,Amsterdam,Q727
"Amsterdam,",Amsterdam,Q727
Amsterdan,Amsterdam,Q727
Amsterdm,Amsterdam,Q727
Amsterrdam,Amsterdam,Q727
Amterdam,Amsterdam,Q727
Àmsterdam,Àmsterdam,
Amsterdam ,Amsterdam ,Q727
Amsterdam (gemeente Nieuwer Amstel),Amsterdam (gemeente Nieuwer Amstel),
Amsterdam (gemeente Nieuwer-Amstel),Amsterdam (gemeente Nieuwer-Amstel),
Amsterdam Scheveld,Amsterdam Scheveld,
Amsterdamschevled,Amsterdamschevled,
Amuiden,Amuiden,
Andel,Andel,Q414903
Andel  ,Andel  ,Q414903
Andel gem. Baflo,Andel gem. Baflo,
Anderlegt,Anderlegt,
Andijk,Andijk,Q491999
Angelo (G),Angelo (G),
Angerlo,Angerlo,Q1055698
Angerlo (G),Angerlo (G),
Angerlo (Gld),Angerlo (Gld),
Angermün@@,Angermün@@,
Angermünde (D.),Angermünde (D.),
Anjum,Anjum,Q551562
Ankeveen,Ankeveen,Q2334850
Anlo,Anlo,Q56371
Anloo,Anloo,Q2850371
Anna Paulona,Anna Paulona,
Anna Paulowna,Anna Paulowna,Q562876
Antwerpen,Antwerpen,Q12892
Àntwerpen,Antwerpen,Q12892
Apeldoor,Apeldoorn,Q101918
Apeldoorn,Apeldoorn,Q101918
Apeltern,Apeltern,
Appelscha,Appelscha,Q620806
Appingadam,Appingedam,Q995
Appingedam,Appingedam,Q995
Appingendam,Appingedam,Q995
Arbhem,Arbhem,
Arlon België,Arlon België,
Arhem,Arnhem,Q1310
Armhem,Arnhem,Q1310
Arnhhem,Arnhem,Q1310
Arnhjem,Arnhem,Q1310
Anrhem,Arnhem,Q1310
Arnhem,Arnhem,Q1310
ARnhem,ARnhem,Q1310
arnhem,arnhem,Q1310
Arum,Arum,Q161121
Asch,Asch,Q444875
Asijvelle,Asijvelle,
Asperem,Asperen,Q2162332
Asperen,Asperen,Q2162332
Assche (België),Assche (België),
Assen,Assen,Q798
Assendelft,Assendelft,Q1614461
Asten,Asten,Q406263
Augsburg,Augsburg,Q2749
Augustinusga,Augustinusga,Q2017681
Austerlitz gem. Zeist,Austerlitz gem. Zeist,
Autphen,Autphen,
Avenhorn,Avenhorn,Q2338786
Avennes,Avennes,Q681153
Avereest,Avereest,Q1907318
Awans Bierset,Awans Bierset,
Axel,Axel,Q295950
Baarle Nassau,Baarle Nassau,Q9811
Baarm,Baarn,Q10027
 Baarn,Baarn,Q10027
Baarn,Baarn,Q10027
Bacel (België),Bacel (België),
Baelem  op Nethe,Baelen op Nethe,
Baelen op Nethe,Baelen op Nethe,
Balk,Balk,Q1069344
Balzwart,Balzwart,
Bantgum,Bantgum,
Baren (Baarn),Baren (Baarn),
Barendrecht,Barendrecht,Q204239
Barevoetswaarder,Barevoetswaarder,
Barn,Barn,Q1303167
Barnevel,Barnevel,
Barneveld.,Barneveld,Q195822
Barnveld,Barneveld,Q195822
Barneveld,Barneveld,Q195822
Barneveld (Esveld),Barneveld (Esveld),
Barneveld Harzelaar,Barneveld Harzelaar,
Barneveld Kallenbeek,Barneveld Kallenbeek,
Barneveld Voorthuizen,Barneveld Voorthuizen,
Barnoutswaarder,Barnoutswaarder,
Barnth D.,Barnth D.,
Baroup,Baroup,
Barsingerhorn,Barsingerhorn,Q2272764
Barrewoudswaarder,Barwoutswaarder,Q2676407
Barrewoutswaarden,Barwoutswaarder,Q2676407
Barrewoutswaarder,Barwoutswaarder,Q2676407
Barrewoutwaarder,Barwoutswaarder,Q2676407
Barwoudswaarder,Barwoutswaarder,Q2676407
Barwoutswaarder,Barwoutswaarder,Q2676407
Barwoutswaareer,Barwoutswaarder,Q2676407
Barwoutswarder,Barwoutswaarder,Q2676407
Basel,Basel,Q78
Bassogne,Bassogne,
Batenburg,Batenburg,Q2891187
Batier Belgie,Batier Belgie,
Batier België,Batier België,
Baties bij Luik,Baties bij Luik,
Beckhausen,Beckhausen,
Bedam,Bedam,Q5831152
Bedum,Bedum,Q461142
Beeck (Belgie),Beeck (Belgie),
Beek,Beek,Q3972033
Beek (Limburg),Beek (Limburg),Q3972033
Beek en Donk,Beek en Donk,Q2893667
Beele,Beele,Q56238
Beemster,Beemster,Q9900
Beens,Beens,Q104844331
Beers,Beers,Q353739
Beerta,Beerta,Q2250772
Beesd,Beesd,Q2219434
Beest,Beest,Q4880132
Beetgum,Beetgum,Q2340734
Beets,Beets,Q165437
Beets gem. Opsterland,Beets gem. Opsterland,
Beets gem. Opsterland.,Beets gem. Opsterland,
Beetsterzwaag,Beetsterzwaag,Q2675898
Beilen,Beilen,Q2034045
Bekveld Geld. ,Bekveld Geld. ,
Belgaren Duitschl.,Belgaren Duitschl.,
Belgern (Saksen),Belgern (Saksen),
Belingwolde,Belingwolde,
Bellingwolde,Bellingwolde,Q2181173
Bemelen,Bemelen,Q100001
Bemmel,Bemmel,Q784364
Benders@@ gem. Ruinen,Bendersden gem. Ruinen,
Bendersden gem. Ruinen,Bendersden gem. Ruinen,
Beneden Knijpe,Beneden Knijpe,
Beneden-Knijpe,Beneden-Knijpe,
Benedenknijpe,Benedenknijpe,
Benedenknijpe Gem. Schoterland,Benedenknijpe Gem. Schoterland,
Bennebroek,Bennebroek,Q817840
Bennekom gem. Ede,Bennekom gem. Ede,
Bennikhausen,Bennikhausen,
Benoichem,Benoichem,
Benschop,Benschop,Q818159
Bentheim,Bentheim,Q818253
Benthuizen,Benthuizen,Q818270
Berchem,Berchem,Q818804
Berg en  Terblijt,Berg en Terblijt,Q2273131
Berg en Terblijt,Berg en Terblijt,Q2273131
Berg Ambacht,Bergaambacht,
Berg-Ambacht,Bergaambacht,
Bergaambacht,Bergaambacht,
Bergambacht,Bergambacht,Q653025
Bergamo,Bergamo,Q628
Bergem,Bergem,Q819508
Bergen,Bergen,Q26793
Bergen ,Bergen ,Q26793
Bergen (L.),Bergen (Limburg),Q9804
Bergen (Limb),Bergen (Limburg),Q9804
Bergen (NH),Bergen (Noord Holland),
Bergen N.H.,Bergen (Noord Holland),
Bergen op - Zoom,Bergen op Zoom,Q192508
Bergen op Zoom,Bergen op Zoom,Q192508
Bergen op zoom,Bergen op Zoom,Q192508
Bergen op Zoom ,Bergen op Zoom,Q192508
Bergen-op-Zoom,Bergen op Zoom,Q192508
Bergh,Bergh,Q819700
Berghem,Berghem,Q2042013
Berghem (B.),Berghem (België),
Berghem (B),Berghem (België),
Berghem België,Berghem (België),
Bergs,Bergs,Q37238507
Bergschenhoek,Bergschenhoek,Q820175
Bergum,Bergum,Q1016068
Bergum (gem) Tietjerksteradeel,Bergum gem. Tietjerksteradeel,
Bergum gem. Tietjerksteradeel,Bergum gem. Tietjerksteradeel,
Bergwoudewaarder,Bergwoudewaarder,
Berkel,Berkel,Q707763
Berkel (n.b.),Berkel (n.b.),
Berkel en Roderijs,Berkel en Roderijs,
Berkhout,Berkhout,Q2272260
Berkmeer,Berkmeer,Q2304211
Berlaar bij Lier,Berlaar bij Lier,
Berlicum,Berlicum,Q2897233
Berlijn,Berlijn,Q4528108
Berlikum,Berlikum,Q1107931
Bermington Engeland,Bermington Engeland,
Berrewoudwaarden,Berrewoudwaarden,
Berrewoudwaarder,Berrewoudwaarder,
Beschoten,Beschoten,
Besoeki (N.O.I.),Besoeki (N.O.I.),
Besoeko (N.O.I.),Besoeko (N.O.I.),
Besoijen,Besoijen,Q2630144
Besooijen,Besooijen,
Bessoijen,Bessoijen,
Best,Best,Q246064
Betekom,Betekom,Q432610
Betgum,Betgum,
Beugen,Beugen,
Beugen en Rijkvoort,Beugen en Rijkvoort,
Beuningen,Beuningen,Q851244
Beusichem,Beusichem,Q1879468
Beuzichem,Beuzichem,
Beveren Wals,Beveren Wals,
Beverwijk,Beverwijk,Q9905
Bezoijen,Bezoijen,
Bezooijen,Bezooijen,
Bielefeld,Bielefeld,Q2112
Bierum,Bierum,Q2649983
Biervliet,Biervliet,Q2412352
Bilt,Bilt,
Bilt (FR),Bilt (FR),
Binschop,Binschop,
Binschoten,Binschoten,
Birmingham,Birmingham,Q2256
Birmingham (E),Birmingham (E),
Bishoshem (België),Bishoshem (België),
Blaricum,Blaricum,Q9906
Bleiswijk,Bleiswijk,Q883690
Blesdijke,Blesdijke,Q2500645
Bloemendaal,Bloemendaal,Q9908
Blokzijl,Blokzijl,Q59605
Blozijl,Blozijl,
Bocholt,Bocholt,Q1159144
Bocholt (B),Bocholt (B),
Bocholt Dld.,Bocholt Dld.,
"Bocholt, Duitsland","Bocholt, Duitsland",
Bocholtz,Bocholtz,Q2217726
Bocholz,Bocholz,
Bocholz (D),Bocholz (D),
Bochum,Bochum,Q2103
Bochum in Guitschland,Bochum in Guitschland,
Bockoltz,Bockoltz,
Bockum in Duitschland,Bockum in Duitschland,
Bodegraven,Bodegraven,Q832938
Bodegrven,Bodegrven,
Boekel,Boekel,Q9818
Böhsen,Böhsen,
Bolsward,Bolsward,Q3291153
Bolzwart,Bolzwart,
Bommel,Bommel,
Bonn,Bonn,Q586
Boodewalt gem. Bedum,Boodewalt gem. Bedum,
Boom (België),Boom (België),
Boornbergum,Boornbergum,Q2209207
Borbeck,Borbeck,
Borbeck (D),Borbeck (D),
Borculo,Borculo,Q1025685
Borcum,Borcum,
Borger,Borger,Q448794
Borger-Compascuum,Borger-Compascuum,
Borgerat,Borgerat,
Borgerhout,Borgerhout,Q834850
Borgerveld  gem. Vlagtwedde,Borgerveld  gem. Vlagtwedde,
Borgerwold gem Vlagtwedde,Borgerwold gem Vlagtwedde,
Borghorst (Duitschland),Borghorst (Duitschland),
Borkulo,Borkulo,
Borkuloo,Borkuloo,
Born,Born,Q893907
Borsele,Borsele,Q10071
Borssele,Borssele,Q2911365
Borsselen,Borsselen,Q104849017
Bos Kappelle (Z),Bos Kappelle (Z),
Boscholtz,Boscholtz,
Bosem,Bosem,
Boskoop,Boskoop,Q894442
Bottrop,Bottrop,Q3069
Bottrop (Duitschl),Bottrop (Duitsland),
Bottrop (Duitschland),Bottrop (Duitsland),
Bottrop D.,Bottrop (Duitsland),
"Bottrop, Duitschland",Bottrop (Duitsland),
Bovenkarspel,Bovenkarspel,Q674395
Boxmeer,Boxmeer,Q9819
Boxtel,Boxtel,Q9821
Boxtel ???,Boxtel ???,
Boxum,Boxum,
Bozum gem Baarderadeel,Bozum gem Baarderadeel,
Brada,Brada,Q4954388
Brakel,Brakel,Q845980
Brandenburg (Duitschland),Brandenburg (Duitschland),
Brandgem,Brandgem,
Brandgem (Fr.),Brandgem (Fr.),
Brandgem (Fr),Brandgem (Fr),
Brandgum,Brandgum,
Brantgem,Brantgem,
Brantgum,Brantgum,Q898897
Brantgum gem. Westdongeradeel,Brantgum gem. Westdongeradeel,
Brasmenil,Brasmenil,
Brasschaet,Brasschaet,
Brasschaet (België),Brasschaet (België),
Brecht,Brecht,Q38757
Brecht (België),Brecht (België),
Breda,Breda,Q40844
Breda (Utrecht),Breda (Utrecht),
Bremen,Bremen,Q24879
Breskens,Breskens,Q641390
Breukelen,Breukelen,Q615732
Breukelen - Nijenrode,Breukelen - Nijenrode,
Breukelen en Nijenrode,Breukelen en Nijenrode,
Breukelen Nijenrode,Breukelen Nijenrode,Q2318860
Breukelen Nijenroode,Breukelen Nijenroode,
Breukelen Nijerode,Breukelen Nijerode,
Breukelen st Pieter,Breukelen st Pieter,
Breukelen St. Pieter,Breukelen St. Pieter,
Breukelen st. Pieter,Breukelen st. Pieter,
Breukelen-Nijenrode,Breukelen-Nijenrode,Q2318860
"Breukelen, Nijenrode","Breukelen, Nijenrode",
Breukelenveen,Breukelenveen,
Breulelen Nijenrode,Breulelen Nijenrode,
Brielle,Brielle,Q462663
Briellle,Briellle,
Broek Gron,Broek Gron,
Broek in Waterland,Broek in Waterland,Q2925962
Broek onder Akerwoude gem. Dantumadeel,Broek onder Akerwoude gem. Dantumadeel,
Broek op Langendijk,Broek op Langendijk,Q2464635
Broek-Sittard,Broek-Sittard,
Broekhave,Broekhave,
Broekhuizen,Broekhuizen,Q1217811
Broeksittard,Broeksittard,Q2925966
Brohl,Brohl,Q564683
Brouwershaven,Brouwershaven,Q991009
Brudzin,Brudzin,
Bruegel (B),Bruegel (B),
Bruekelen Nijenrode,Bruekelen Nijenrode,
Bruekelen-Nijenrode,Bruekelen-Nijenrode,
Brugge,Brugge,Q12994
Brummen,Brummen,Q843895
Brunssum,Brunssum,Q9803
Brunswijk,Brunswijk,
Brussel,Brussel,Q240
Brussel (B),Brussel (B),
Budel,Budel,Q1001369
Budel N.B.,Budel N.B.,
Büdersheim,Büdersheim,
Bugenook,Bugenook,
Buiksloot,Buiksloot,Q1002976
Bunchoten,Bunchoten,
Bunde,Bunde,Q416010
Bunnik,Bunnik,Q10032
Bunnink,Bunnink,
Bunschoten,Bunschoten,Q10034
Bunschoten ,Bunschoten ,Q10034
Bunschoten gem. Spakenburg,Bunschoten gem. Spakenburg,
Buren,Buren,Q73061
Buren-Malsem,Buren-Malsem,
Burgh,Burgh,Q254978
Burgh.,Burgh.,
Burght,Burght,Q6933376
Burgt bij Antwerpen,Burgt bij Antwerpen,
Burmelo,Burmelo,
Burmingham,Burmingham,Q865761
Burum,Burum,Q1017157
Bussum,Bussum,Q9909
Busum,Busum,Q20768
Buurmalsen,Buurmalsen,Q1908172
Buurmalsum,Buurmalsum,
Buursmalen,Buursmalen,
Cadier en Keer,Cadier en Keer,Q100000
Cadzand,Cadzand,Q1025352
Calcken,Calcken,
Campenout,Campenout,
Capelle,Capelle,Q2459889
Capelle a/d IJsel,Capelle a/d IJsel,
Capelle a/d IJssel,Capelle a/d IJssel,Q734860
Capelle aan de IJssel,Capelle a/d IJssel,Q734860
Capelle op'd IJssel,Capelle a/d IJssel,Q734860
Cappel,Cappel,Q417133
Cappele a/d IJssel,Capelle a/d IJssel,Q734860
Cappelle a/d IJssel,Capelle a/d IJssel,Q734860
Carspel,Carspel,
Cassel,Cassel,Q354577
Casteren gem. Hoogeloon,Casteren gem. Hoogeloon,
Casterop,Casterop,
Castricum,Castricum,Q9910
Castrop,Castrop,Q151243
Cele Akant,Cele Akant,
Cerfontaine,Cerfontaine,Q354499
Céverle (Belgie),Céverle (Belgie),
Chapelles les Horlaimont,Chapelles les Horlaimont,
Charlois,Charlois,Q2289835
Charlois gem R'dam,Charlois gem R'dam,
Charlois gem. Rotterdam,Charlois gem. Rotterdam,
Chénée,Chénée,
Chercq,Chercq,
Cherscamp,Cherscamp,
Cinuij,Cinuij,
Cleve (D),Cleve (D),
Cleve. Duitschl.,Cleve. Duitschl.,
Clinge,Clinge,Q1915621
Co@le@,Co@le@,
Coevorden,Coevorden,Q60453
Colijnsplaat,Colijnsplaat,Q538319
Contich,Contich,
Cornelimunster,Cornelimunster,Q152432
Cortemarck,Cortemarck,Q822763
Cothen,Cothen,Q2860067
Cotlan,Cotlan,
Cranenburg,Cranenburg,Q16952497
Crefeld,Crefeld,Q2805
Crefeld (Duitschl.),Crefeld (Duitschl.),
Crefeld Duitschl.,Crefeld Duitschl.,
Cromvoirt,Cromvoirt,Q2981622
Crujshautem,Crujshautem,
Cruybeke (België),Cruybeke (België),
Cuijk,Cuijk,Q9827
Cuijk en st Agatha,Cuijk en st Agatha,
Cuijk en St Agathe,Cuijk en St Agathe,
Cuijk en St. Agatha,Cuijk en St. Agatha,
Cuijk en St. Agatta,Cuijk en St. Agatta,
Cuilemburg,Cuilemburg,
Cuilenburg,Cuilenburg,
Culemborg,Culemborg,Q816699
Culemburg,Culemburg,
Culenborg,Culenborg,
Culenburg,Culenburg,
Daal.,Daal.,
Dalen,Dalen,Q1974246
Dalfsen,Dalfsen,Q9998
Danne Liessel,Danne Liessel,
Dantumadeel,Dantumadeel,Q389213
Dantzig,Dantzig,Q21491246
Darmstadt,Darmstadt,Q2973
Darthuizen gem Leersum,Darthuizen gem Leersum,
de Bildt,de Bildt,
de Bilt,de Bilt,Q10035
De Bilt,De Bilt,Q10035
de Ham,de Ham,Q402786
de Hoven,de Hoven,
De Hoven bij Zutphen,De Hoven bij Zutphen,
de Kromme Mijdrecht,de Kromme Mijdrecht,
de Leek,de Leek,
de Lemmer,de Lemmer,Q144091
de Rijp,de Rijp,Q2208222
De Werken en Sleeuwijk,De Werken en Sleeuwijk,Q781820
de Wijk,de Wijk,Q2187499
De Wijk,De Wijk,Q2187499
Dedemsvaart,Dedemsvaart,Q2485874
Dedemsvaart (Avereest),Dedemsvaart (Avereest),
Dedemsvaart AVereest,Dedemsvaart AVereest,
Dedemsvaart Avereest,Dedemsvaart Avereest,
Dedgum,Dedgum,Q2499859
Deemsvaart Avereest,Deemsvaart Avereest,
Deersum gem. Rauwerderkem,Deersum gem. Rauwerderkem,
Deijl,Deijl,
Deil,Deil,Q73147
Deinse,Deinse,
Deinum  gem. @enuldermadeel,Deinum  gem. @enuldermadeel,
Deinze,Deinze,Q499313
Delf,Delf,Q1184105
Delfshaven,Delfshaven,Q1184149
Delfshaven Rottm,Delfshaven Rottm,
Delfszijl,Delfszijl,
Delft,Delft,Q690
Delftshaven,Delftshaven,Q1184149
Delftshaven rotterdam,Delftshaven rotterdam,
Delftzijl,Delftzijl,
Delfzijl,Delfzijl,Q322986
den Andel gem. Baflo,den Andel gem. Baflo,
den Bommel,den Bommel,Q2509021
den Borcht,den Borcht,
 Bosch,Den Bosch,Q2766547
's - Bosch,Den Bosch,Q2766547
's Bosch,Den Bosch,Q2766547
's Hertogenbosch,Den Bosch,Q2766547
's hertogenbosch,Den Bosch,Q2766547
den Bosch,den Bosch,Q2766547
Den Bosch,Den Bosch,Q2766547
's  Hage,Den Haag,Q36600
's GRavenhag,Den Haag,Q36600
's Gravenhage,Den Haag,Q36600
'S Gravenhage,Den Haag,Q36600
's gravenhage,Den Haag,Q36600
's Gravenhage ,Den Haag,Q36600
's Hage,Den Haag,Q36600
's-Gravenhage,Den Haag,Q36600
'sGravenhage,Den Haag,Q36600
"""s Gravenhage",Den Haag,Q36600
den Haag,den Haag,Q36600
Den Haag,Den Haag,Q36600
Den Haag ,Den Haag ,Q36600
den Ham,den Ham,Q2594212
Den Helder,Den Helder,Q9911
den Helder,den Helder,Q9911
Den Hout gem. Oosterhout,Den Hout gem. Oosterhout,
Denekamp,Denekamp,Q3022448
Deurne,Deurne,Q681061
Deurne en liessel,Deurne en liessel,Q2774034
Deursen en Dennenburg,Deursen en Dennenburg,Q1968961
Deventer,Deventer,Q10001
Deventer ,Deventer ,Q10001
Didam,Didam,Q1210428
Diemen,Diemen,Q9913
Diemerbrug,Diemerbrug,
Diepenheim,Diepenheim,Q2243026
Diepenveen,Diepenveen,Q2905573
Dieren,Dieren,Q73101
Dieren (gem. Rheden),Dieren (gem. Rheden),
Dieren (Rheden),Dieren (Rheden),
Dieren Gem. Rheden,Dieren Gem. Rheden,
Dieren gem. Rheden,Dieren gem. Rheden,
Diest,Diest,Q743236
Diever,Diever,Q2497377
Dinteloord,Dinteloord,Q2281208
Dinten N.B.,Dinten N.B.,
Dinther,Dinther,Q2445686
Dinxperlo,Dinxperlo,Q1226753
Dinxperlo (G),Dinxperlo (G),
Dinxperloo,Dinxperloo,
Dirksland,Dirksland,Q917827
Djember,Djember,
Dockum,Dockum,
Dodenwaard,Dodenwaard,
Dodewaard,Dodewaard,Q1614071
Doesburg,Doesburg,Q165736
Doetichem,Doetichem,
Doetinchem,Doetinchem,Q145845
Dokkum,Dokkum,Q41976
Dolhain (Belgie),Dolhain (Belgie),
Dolhain (België),Dolhain (België),
Domburg,Domburg,Q980728
Dongen,Dongen,Q9829
Doniawerstal,Doniawerstal,Q2091902
Doodewaard,Doodewaard,
Doorn,Doorn,Q1615161
Doorn Spijk,Doorn Spijk,
Doornik,Doornik,Q173219
Doornspijk,Doornspijk,Q959806
Dordmund,Dordmund,
Dordrecht,Dordrecht,Q26421
Dordrecht ,Dordrecht ,Q26421
Dordrecht.,Dordrecht.,
Dordrecjt,Dordrecjt,
Dordt,Dordt,Q15946409
Dort,Dort,Q1250544
Dortmund,Dortmund,Q1295
Dortmund (D),Dortmund (D),
Dortmund (D).,Dortmund (D).,
Dortmund (Duitsland),Dortmund (Duitsland),
Dortmunt,Dortmunt,
dOTDRECHT,dOTDRECHT,
Drachten,Drachten,Q60444
Drachtster Compagnie,Drachtster Compagnie,
Dragten,Dragten,Q60444
Dragten gem. Smallingerland,Dragten gem. Smallingerland,
Dreumel,Dreumel,Q2784834
Dreumel ,Dreumel ,Q2784834
Drie Wegen,Drie Wegen,
Drie-Wegen,Drie-Wegen,
Drieberg,Drieberg,
Driebergen,Driebergen,Q1899314
driebergen,driebergen,Q1899314
DRiebergen,DRiebergen,Q1899314
Driel,Driel,Q1614971
Driewegen,Driewegen,Q395656
Drogeham,Drogeham,Q2497585
Drongrijp,Drongrijp,
Dronrijp,Dronrijp,Q578267
Drumpt-wadenoijen,Drumpt-wadenoijen,
Drunen,Drunen,Q2873137
Druten,Druten,Q932142
Dubbeldam,Dubbeldam,Q1262957
Duibbeldam,Duibbeldam,
Duisburg,Duisburg,Q2100
Duisburg (Duitsch),Duisburg (Duitsch),
Duisburg (Duitschl.),Duisburg (Duitschl.),
Duisburg (Duitsland),Duisburg (Duitsland),
Duitschland,Duitschland,
Duiven,Duiven,Q613989
Duivendrecht,Duivendrecht,Q2385069
Dülken Pruissen,Dülken Pruissen,
Durgerdam,Durgerdam,Q2910312
Dusseldorf,Dusseldorf,Q1718
Düsseldorf,Düsseldorf,Q1718
Dusseldorf (D),Dusseldorf (D),
Düsseldorf (D),Düsseldorf (D),
Duurswoud,Duurswoud,
Duurswoude,Duurswoude,
Dwingelo,Dwingelo,Q1268530
Dwingeloo,Dwingeloo,Q1268530
Eberbach (Baden),Eberbach (Baden),Q22873
Echt,Echt,Q1218871
Echt L,Echt L,
Echteld,Echteld,Q1614076
Echten,Echten,Q399233
Echten (gemeente Lemsterland),Echten (gemeente Lemsterland),
Echten Fr.,Echten Fr.,
Echten gem. Lemsterland,Echten gem. Lemsterland,
Echtveld,Echtveld,
Ecjt L.,Ecjt L.,
Eck en Wiel,Eck en Wiel,Q2300164
Eck en Wiel gem. Maurik,Eck en Wiel gem. Maurik,
Edam,Edam,Q412114
Ede,Ede,Q294898
Ede (G),Ede (G),
Ede (Gelderl).,Ede (Gelderl).,
Ede (Gld.),Ede (Gld.),
Eeckeren,Eeckeren,
Eeckeren Donk  België,Eeckeren Donk  België,
Eecloo,Eecloo,
Eede,Eede,Q920932
Eek en Wiel,Eek en Wiel,
Eelde,Eelde,Q225591
Eelen,Eelen,
Eemnes,Eemnes,Q10037
Eemnes binnen,Eemnes binnen,
Eemnes Buiten,Eemnes Buiten,
Eemnes buiten,Eemnes buiten,
Eemnes-buiten,Eemnes-buiten,
Eepe,Eepe,
Eepe (Duitschl.),Eepe (Duitschl.),
Eerica - Emmen,Eerica - Emmen,
Eesveen gem. Steenwijkerwold,Eesveen gem. Steenwijkerwold,
Eeten,Eeten,
Egmond aan Zee,Egmond aan Zee,Q1616324
Egmond-Binnen,Egmond-Binnen,Q2594161
Ehrang D.,Ehrang D.,
Ehrenfeld,Ehrenfeld,Q1300001
Ehrstein,Ehrstein,
Eibergen,Eibergen,Q1025665
Eigelshoven,Eigelshoven,
Eijgelshoven,Eijgelshoven,Q1019312
Eilenburg,Eilenburg,Q12055
Eilendorf Pruisen,Eilendorf Pruisen,
Eindhoven,Eindhoven,Q9832
Eisenschmidt,Eisenschmidt,
Ek en Mel Maurik,Ek en Mel Maurik,
Elberfeld,Elberfeld,Q702259
Elberfeld (Duitschl.),Elberfeld (Duitschl.),
elbersfeks,elbersfeks,
Elberveld,Elberveld,
Elbing,Elbing,Q104712
Elbing.,Elbing.,
Elburg,Elburg,Q165662
Elewijt Belgie,Elewijt Belgie,
Elkerzee,Elkerzee,Q2346411
Ellecom (Rheden),Ellecom (Rheden),
Ellekom gem. Rhenen,Ellekom gem. Rhenen,
Ellemeet (Z.),Ellemeet (Z.),
Ellewoutsdijk,Ellewoutsdijk,Q3051477
Elsloo gemeente Oost-Stellingwerf,Elsloo gemeente Oost-Stellingwerf,
Elst,Elst,Q422839
Elst Amerongen,Elst Amerongen,
Elst gem. Rhenen,Elst gem. Rhenen,
Elst Rhenen,Elst Rhenen,
"Elst, gem. Rhenen","Elst, gem. Rhenen",
Elzen,Elzen,
Embden,Embden,Q1334962
Emden (Dld),Emden (Dld),
Emden (Duitschl.),Emden (Duitschl.),
Emden (Oost-Friesland) (Duitsland),Emden (Oost-Friesland) (Duitsland),
Emden Oost-Friesland (Duitschland),Emden Oost-Friesland (Duitschland),
Emenes,Emenes,
Emmen,Emmen,Q257220
Emmen Bargeroosterveen,Emmen Bargeroosterveen,
Emmen Nieuw Amsterdam,Emmen Nieuw Amsterdam,
Emmer gem. Vlachtwedde,Emmer gem. Vlachtwedde,
Emmerich,Emmerich,Q361483
Emmerich (Duitschl.),Emmerich (Duitschl.),
Emmerich (Duitschland),Emmerich (Duitschland),
Emmerik,Emmerik,Q57006
Emmerik (D),Emmerik (D),
Engelen,Engelen,Q1342086
Engen Gem. Lienden,Engen Gem. Lienden,
Enkhuizen,Enkhuizen,Q9918
Enkwielen,Enkwielen,
Enschede,Enschede,Q10002
Enschedé,Enschedé,Q2014038
Enschot,Enschot,
Epe,Epe,Q449586
Epe - @estfale,Epe - @estfale,
Epe (Duitschl),Epe (Duitschl),
Epe (Westfalen),Epe (Westfalen),
Epe Westfalen,Epe Westfalen,
Erfurt,Erfurt,Q1729
Erle,Erle,Q1355369
ermelo,ermelo,Q411336
Ermelo,Ermelo,Q411336
Erp,Erp,Q251616
Erskirchen,Erskirchen,
Es,Es,Q206923
Esch,Esch,Q356503
Essen,Essen,Q2066
Essen (Barneveld),Essen (Barneveld),
Essen (D),Essen (D),
Etten,Etten,Q354592
Etten en Leur,Etten en Leur,
Etten-en-Leur,Etten-en-Leur,
Etten-Leur,Etten-Leur,Q9833
Ettenleur,Ettenleur,
Etterbeek,Etterbeek,Q192859
Everdingen,Everdingen,Q2937766
Everdingen (Z.H.),Everdingen (Z.H.),
Everghem  België,Everghem  België,
Everlee,Everlee,
Ewijk,Ewijk,Q237692
F@@hn,F@@hn,
Farcienne,Farcienne,
Farmsum,Farmsum,Q599733
Ferwerderadeel,Ferwerderadeel,Q750772
Fijnaart,Fijnaart,Q2483396
Finkega,Finkega,
Finkerweerde,Finkerweerde,
Finkum,Finkum,Q2169171
Finsterwolde,Finsterwolde,Q3072672
Flemalle Grand,Flemalle Grand,
Fleurus,Fleurus,Q314922
Flühe (Duitsland),Flühe (Duitsland),
Fluhn,Fluhn,
Flúhn,Flúhn,
Flühn,Flühn,
Fourbechies,Fourbechies,
Foxhol,Foxhol,
Foxhol (gemeente Hoogezand),Foxhol (gemeente Hoogezand),
Foxhol gem. Hoogezand,Foxhol gem. Hoogezand,
Francries,Francries,
Franeker,Franeker,Q41974
Franekerr,Franekerr,
Franker,Franker,
Frankfurt a/d Main,Frankfurt a/d Main,
Frankfurt a/Main,Frankfurt a/Main,
Frederiksoord,Frederiksoord,Q2483434
Frederiksoord Vledder,Frederiksoord Vledder,
Frühn,Frühn,
Gaanderen,Gaanderen,Q171272
Gaasterland,Gaasterland,Q850707
Gaastmeer,Gaastmeer,Q2677978
Gaastmeer gem. Wijmbritseradeel,Gaastmeer gem. Wijmbritseradeel,
Gaatsmeer gem. Wymbritseradeel,Gaatsmeer gem. Wymbritseradeel,
Gameren,Gameren,Q171245
Garderbroek,Garderbroek,
Garderbroek gem. Barneveld,Garderbroek gem. Barneveld,
Gardereb,Gardereb,
Garderen,Garderen,Q171267
Garderen (gem. Barneveld),Garderen (gem. Barneveld),
Garderen gem Barneveld,Garderen gem Barneveld,
Garletz,Garletz,
Garlitz,Garlitz,
Garnburd,Garnburd,
Garnwerd gem. Ezinge,Garnwerd gem. Ezinge,
Gasselte,Gasselte,Q2015118
Gebenich (D),Gebenich (D),
Gebroek Maasniel,Gebroek Maasniel,
Geertruidenberg,Geertruidenberg,Q9834
Geervliet,Geervliet,Q3100092
Geesateren gem. Tubbergen,Geesateren gem. Tubbergen,
Geesteren,Geesteren,Q398952
Geesteren gem. Tubbergen,Geesteren gem. Tubbergen,
Geffen,Geffen,Q404440
Geldermalsem,Geldermalsem,
Geldermalsen,Geldermalsen,Q171536
Geldern (Duitschl.),Geldern (Duitschl.),
Geldrop,Geldrop,Q2636411
Geleen,Geleen,Q73570
Gelsenkirchen,Gelsenkirchen,Q2765
Gelting (D),Gelting (D),
Gelting Duitschland,Gelting Duitschland,
gem West Dongeradeel,gem West Dongeradeel,
gem. West Dongeradeel,gem. West Dongeradeel,
Gemert,Gemert,Q970701
GEmert,Gemert,Q970701
Gendbrugge,Gendbrugge,
GEnderen,GEnderen,Q2273521
Genderen,Genderen,Q2273521
Genderingen,Genderingen,
Gendirngen,Gendirngen,
Gendringen,Gendringen,Q171268
Gendt,Gendt,
Genemuide,Genemuide,
Genemuiden,Genemuiden,Q81186
Gennep,Gennep,Q9800
Gennip,Gennip,
Gensbloux,Gensbloux,
Gent,Gent,Q1502615
GEnt,GEnt,Q1502615
Gent ( bij Nijmegen),Gent ( bij Nijmegen),
Gent (Belgie),Gent (Belgie),
Gent (België),Gent (België),
Gent bij Nijmegen,Gent bij Nijmegen,
Gestel,Gestel,Q358694
Gevenich  D.,Gevenich  D.,
Gevenich Duitschl.,Gevenich Duitschl.,
gevonden te Utrcht,gevonden te Utrcht,
gevonden te Utrecht,gevonden te Utrecht,
Giekerk,Giekerk,Q2238305
Giesen,Giesen,Q635190
Giesendam,Giesendam,
Giessen,Giessen,Q3874
Giessen Nieuwkerk,Giessen Nieuwkerk,
Giessendam,Giessendam,Q953012
Gieten,Gieten,Q3025896
Giethoorn,Giethoorn,Q1025664
Gijsendam,Gijsendam,
Gildehaus (Dld),Gildehaus (Dld),
Gilly,Gilly,Q70383
Gilly (België),Gilly (België),
Gilze en Rijen,Gilze en Rijen,Q9837
Gilzerijen,Gilzerijen,
Ginneken,Ginneken,
Ginneken e4n Bavel,Ginneken e4n Bavel,
Gisperleben,Gisperleben,
Gladbach,Gladbach,Q409731
Glanerbrug,Glanerbrug,Q1007176
Glanerbrug (gem Losser),Glanerbrug (gem Losser),
Glimes,Glimes,
Glimmen gem. Haren,Glimmen gem. Haren,
Glogau (Duitschland),Glogau (Duitschland),
Goch,Goch,Q16006
Goedereede,Goedereede,Q924091
Goes,Goes,Q81220
"Goes, lees Soest","Goes, lees Soest",
Goirle,Goirle,Q9838
Goor,Goor,Q2054185
Gordel,Gordel,
Gorichem,Gorichem,Q244327
Gorinchem,Gorinchem,Q244327
Gorkum,Gorkum,Q244327
Gorredijk,Gorredijk,Q2103434
Gorsel,Gorsel,
Gorssel,Gorssel,Q171264
Gossen Silezië,Gossen Silezië,
Gouda,Gouda,Q294446
Gouderak,Gouderak,Q963589
Graauw,Graauw,Q2682639
Grammene (Belgie),Grammene (Belgie),
Gramsbergen,Gramsbergen,Q3112112
Grauw,Grauw,
Grave,Grave,Q173387
Grave NB,Grave NB,
Gravenland,Gravenland,
Greenen,Greenen,
Grevenbicht (L),Grevenbicht (L),
Grevenig (Pruisen),Grevenig (Pruisen),
Grijpskerk,Grijpskerk,Q2218565
Grimance Saksen,Grimance Saksen,
Grimma Saksen,Grimma Saksen,
Grimsby,Grimsby,Q179406
Groenendijk,Groenendijk,Q56538571
Groesbeek,Groesbeek,Q146984
Groesbeek Gem. Stekkenberg,Groesbeek Gem. Stekkenberg,
Groiningen,Groiningen,
Gronau,Gronau,Q258613
Gronau (Dld),Gronau (Dld),
"Gronau, Westfalen","Gronau, Westfalen",
Gronignen,Gronignen,
Groningen,Groningen,Q749
Groningen ,Groningen ,Q749
Gronongen,Gronongen,
Gronsveld,Gronsveld,Q100003
Groot Ammers,Groot Ammers,Q3116939
Groot Ammerzo,Groot Ammerzo,
Groot-Ammers,Groot-Ammers,Q3116939
Groote Gast,Groote Gast,
Grootebroek,Grootebroek,Q429309
Grootegast,Grootegast,Q605986
Grosfüllen D.,Grosfüllen D.,
Grouw,Grouw,Q1547681
Grubbenvorst,Grubbenvorst,Q1996074
Gueltzow,Gueltzow,
Guurlo Paraijs (B),Guurlo Paraijs (B),
H. en L. Zwaluwe,H. en L. Zwaluwe,
H.Sum,H.Sum,
H'sum,H'sum,
H'wijk,H'wijk,
H@@kingen,H@@kingen,
Haaarlem,Haaarlem,
Haaften,Haaften,Q58404
Haaksbergen,Haaksbergen,Q10003
Haalemmerliede en Spaarnwoude,Haalemmerliede en Spaarnwoude,
Haardt,Haardt,Q837186
Haarl. meer,Haarl. meer,
Haarl.meer,Haarl.meer,
Haarlem,Haarlem,Q9920
Haarlem ,Haarlem ,Q9920
Haarlemmerliede,Haarlemmerliede,Q3125257
Haarlemmerliede en Spaarndam,Haarlemmerliede en Spaarndam,
Haarlemmerliede en Spaarnwoude,Haarlemmerliede en Spaarnwoude,Q9921
Haarlemmermeer,Haarlemmermeer,Q9924
Haarsteeg,Haarsteeg,
Haarzuilen,Haarzuilen,
Haarzuilens,Haarzuilens,Q2772913
Haastrecht,Haastrecht,Q2523099
Haerde,Haerde,
Haerkingen,Haerkingen,Q66399
Hagen bij Aken D.,Hagen bij Aken D.,
Hagenten,Hagenten,
Hagestein,Hagestein,Q174398
Hahn (D.),Hahn (D.),
Halle,Halle,Q108656
Halle a/d Saale (Duitschand),Halle a/d Saale (Duitschand),
Halleveen,Halleveen,
Halluin (Frankrijk),Halluin (Frankrijk),
Halsteren,Halsteren,Q2213267
Halstienrath  bij Coblenz,Halstienrath  bij Coblenz,
Hamburg,Hamburg,Q1055
Hamburg (Duitschland),Hamburg (Duitschland),
Hamersveld,Hamersveld,
Hamersveld (Leusden),Hamersveld (Leusden),
Hamersveld gem Leusden,Hamersveld gem Leusden,
Hamerveld gem. Leusden,Hamerveld gem. Leusden,
Hammerich,Hammerich,Q97304193
Han@rowo,Han@rowo,
Hantum,Hantum,Q1025054
Hardegarijp,Hardegarijp,Q1025097
Hardenberg,Hardenberg,Q10013
Hardenwijk,Hardenwijk,
Harderberg,Harderberg,
Harderwijk,Harderwijk,Q58931
Hardingsveld,Hardingsveld,
Hardinxveld,Hardinxveld,
Haren,Haren,Q359580
Haren (Gron),Haren (Gron),
Harkema Opeinde,Harkema Opeinde,
Harkema-Opeinde,Harkema-Opeinde,
Harlem,Harlem,Q189074
Harlingen,Harlingen,Q399769
Harmelen,Harmelen,Q3029267
harmonicaspeler,harmonicaspeler,
Harseneraardt (Lobit),Harseneraardt (Lobit),
Harskamp,Harskamp,Q58526
Haskerland,Haskerland,
Haskerland (Nijehaske),Haskerland (Nijehaske),
Hasselt,Hasselt,Q58780
Hasselt  O.,Hasselt  O.,
Hasselt (Belgie),Hasselt (Belgie),
Hasselt (belgie),Hasselt (belgie),
Hasselt (O),Hasselt (O),
Hateren (gem. Nijmegen),Hateren (gem. Nijmegen),
Hatert,Hatert,Q2280121
Hatert (gem. Nijmegen),Hatert (gem. Nijmegen),
Hatert gem. Nijmegen,Hatert gem. Nijmegen,
Hattem,Hattem,Q58797
Hattem (G),Hattem (G),
Hattingen,Hattingen,Q4082
Haudenbach,Haudenbach,
Hauffolixe (B),Hauffolixe (B),
Haule,Haule,Q3116978
Hauti-Waelen,Hauti-Waelen,
Hautum,Hautum,
Hauwerzijl,Hauwerzijl,
Havelde,Havelde,
Havelte,Havelte,Q1591522
Hazerswoude,Hazerswoude,Q3128898
Hazerwoude,Hazerwoude,
Hedel,Hedel,Q2195310
Hedikhuizen,Hedikhuizen,Q2687639
Heeerenveen,Heeerenveen,
Heeg gem. Wijmbritseradeel,Heeg gem. Wijmbritseradeel,
Heelweg (gem. Wisch),Heelweg (gem. Wisch),
Heemskerk,Heemskerk,Q9926
Heemstede,Heemstede,Q9928
Heer,Heer,Q347785
Heer Hugowaard,Heer Hugowaard,
Heer-Hugowaard,Heer-Hugowaard,
Heerde,Heerde,Q615491
Heerde (Gel),Heerde (Gel),
Heerde (Geld),Heerde (Geld),
Heerde (Gld),Heerde (Gld),
Heere,Heere,Q633835
"Heerenthals, Belgie","Heerenthals, Belgie",
Heerenveen,Heerenveen,Q574558
Heereveen,Heereveen,
Heerhugowaard,Heerhugowaard,Q9930
Heerlen,Heerlen,Q9799
Heerlerheide,Heerlerheide,Q966265
Hees bij Nijmegen,Hees bij Nijmegen,
Hees bij Os.,Hees bij Os.,
Heesch,Heesch,Q5698148
Heeze,Heeze,Q2652133
Heeze ,Heeze ,Q2652133
Heeze (NBr),Heeze (NBr),
Heeze N B,Heeze N B,
Heeze N.B.,Heeze N.B.,
Hei en Boeicop,Hei en Boeicop,
Hei- en Boeicop,Hei- en Boeicop,Q961578
Heicop,Heicop,
Heidbergen Deutschland,Heidbergen Deutschland,
Heidenschap,Heidenschap,Q1955325
Heijen gem Bergen,Heijen gem Bergen,
Heijthuizen,Heijthuizen,
Heikop,Heikop,
Heilo,Heilo,
Heinenoord,Heinenoord,Q847085
Heinkenszand,Heinkenszand,Q1596330
Hekelingen,Hekelingen,Q726585
Hekendorp,Hekendorp,Q3129570
Helden,Helden,Q1025690
Helder,Helder,Q346253
Helledoorn,Helledoorn,
Hellemons,Hellemons,
Hellendooorn,Hellendooorn,
Hellendoorn,Hellendoorn,Q10005
hellendoorn,hellendoorn,Q10005
Hellevoetsluis,Hellevoetsluis,Q826130
Helmond,Helmond,Q9844
Helsbergen,Helsbergen,
Hem,Hem,Q15069182
Hem bj Hoorn,Hem bj Hoorn,
Hem gem. Venhuizen,Hem gem. Venhuizen,
Hemel@@ Oedephaert en Noordwolde,Hemel@@ Oedephaert en Noordwolde,
Hemelumer Oldephaart Noordwolde,Hemelumer Oldephaart Noordwolde,
Hemmerich,Hemmerich,
Hendrik Ido Ambacht,Hendrik Ido Ambacht,Q538725
Hendrik-Ido-Ambacht,Hendrik-Ido-Ambacht,Q538725
Hengelo,Hengelo,Q10006
Hengelo ,Hengelo ,Q10006
Hengelo (Geld),Hengelo (Geld),
Hengelo (O),Hengelo (O),
Hennaarderradeel,Hennaarderradeel,
Hensbroek,Hensbroek,Q2667509
Herne,Herne,Q256101
Herpen,Herpen,Q2765944
Herrwen en Aerdt,Herrwen en Aerdt,
Herstal,Herstal,Q211033
Herten Duitschl,Herten Duitschl,
Herwen en Aerd,Herwen en Aerd,
Herwen en Aerdt,Herwen en Aerdt,Q288444
Herwen en aerdt,Herwen en aerdt,Q288444
Herwen en Aerdt (Geld),Herwen en Aerdt (Geld),
Herwer en Aerdt,Herwer en Aerdt,
Herwijnen,Herwijnen,Q2347830
Herwin en Aart Gent Lobith,Herwin en Aart Gent Lobith,
Herwjnen,Herwjnen,
Het Bilt,Het Bilt,
Heteren,Heteren,Q3027065
Hetéren,Hetéren,
Heteren (G),Heteren (G),
Hetselawier,Hetselawier,
Heukelum,Heukelum,Q2443843
Heumen,Heumen,Q932155
Heusden,Heusden,Q9845
Heusen,Heusen,
Héveré Belgie,Héveré Belgie,
Heveskes,Heveskes,
Hichtum,Hichtum,Q2181052
Hijlaard,Hijlaard,Q2534309
Hijlgaards,Hijlgaards,
Hijtgaards,Hijtgaards,
Hilde (duitschl),Hilde (duitschl),
Hilgersberg,Hilgersberg,
Hillegersberg,Hillegersberg,Q2400537
Hillegom,Hillegom,Q932116
Hillige Langerak,Hillige Langerak,
Hilligersberg,Hilligersberg,
Hilvarenbeek,Hilvarenbeek,Q9846
Hilverdum,Hilverdum,
Hilversm,Hilversm,
Hilversum,Hilversum,Q9934
hilversum,hilversum,Q9934
Hilversum ,Hilversum ,Q9934
Hilversun,Hilversun,
Hoek,Hoek,Q449102
Hoencoop,Hoencoop,
Hoenkoop,Hoenkoop,Q2187711
Hoensbroek,Hoensbroek,Q783094
Hoensel,Hoensel,
Hoeve Breda,Hoeve Breda,
Hoevelake,Hoevelake,
Hoevelaken,Hoevelaken,Q3056778
hoevelaken,hoevelaken,Q3056778
Hoeven,Hoeven,Q2183962
Hof Seismar,Hof Seismar,
Hof van Delft,Hof van Delft,Q15876388
Hoge en Lage Zwalujwe,Hoge en Lage Zwalujwe,
Hogland,Hogland,Q60823121
Holdum,Holdum,
Hollandscheveld,Hollandscheveld,Q1875726
Holten,Holten,Q3112138
Holtenburg,Holtenburg,
Holtensen (Duitsl.),Holtensen (Duitsl.),
Holteren,Holteren,
Holwerd,Holwerd,Q611277
Hommerts,Hommerts,Q2147582
Hontenisse,Hontenisse,Q1055234
Hoofddorp,Hoofddorp,Q995911
Hoofdplaat,Hoofdplaat,Q733368
Hoog en Lage Zwaluwe,Hoog en Lage Zwaluwe,
Hoog-Blokland,Hoog-Blokland,Q2969717
Hooge en Lage Mierde,Hooge en Lage Mierde,Q592836
Hoogeland,Hoogeland,
Hoogeveen,Hoogeveen,Q208012
hoogeveen,hoogeveen,Q208012
Hoogeveen ,Hoogeveen ,Q208012
Hoogeveen Nieuweroord,Hoogeveen Nieuweroord,
Hoogezand,Hoogezand,Q1627411
Hoogkerk,Hoogkerk,Q984437
Hoogland,Hoogland,Q1851399
Hoogland bij Amersfoort,Hoogland bij Amersfoort,
Hoogleland,Hoogleland,
Hooglland,Hooglland,
Hoogstraten,Hoogstraten,Q724638
Hoogwoud,Hoogwoud,Q2784508
Hoogwud,Hoogwud,
Hoor,Hoor,Q5898449
Hoorn,Hoorn,Q9938
Hoornaar,Hoornaar,Q2012106
Hoornsterzwaag,Hoornsterzwaag,Q1993643
Hörde Westph.,Hörde Westph.,
Hornu,Hornu,
Hornu ,Hornu ,
Horsch,Horsch,Q1628942
Horsheim,Horsheim,
Horssen,Horssen,Q2598861
Horst,Horst,Q254609
Houdeng Aimeries,Houdeng Aimeries,
Houdeng-Goegnies,Houdeng-Goegnies,Q3141260
Hougarde,Hougarde,
Houlerwijk,Houlerwijk,
Houten,Houten,Q10044
Houtenburg,Houtenburg,
Houtenisse,Houtenisse,
Houwerzijl gem Ulrum,Houwerzijl gem Ulrum,
Hskenzand ,Hskenzand ,
Huibergen,Huibergen,
Huijbergen,Huijbergen,Q2662005
Huijsingen (Belg.),Huijsingen (Belg.),
Huisen,Huisen,
Huisseling en Neerloon,Huisseling en Neerloon,Q2347096
Huissen,Huissen,Q73084
Huissen (bij Arnhem),Huissen (bij Arnhem),
Huissen bij Arnhem,Huissen bij Arnhem,
Huisum,Huisum,
Huixen,Huixen,
Huizen,Huizen,Q9939
huizen,huizen,Q9939
Huizen (N.A.),Huizen (N.A.),
Huizen bij Arnhem,Huizen bij Arnhem,
Huizen N.H.,Huizen N.H.,
Huizum,Huizum,Q2410343
Hulst,Hulst,Q10073
Hummelo en Keppel,Hummelo en Keppel,Q1055228
Hummelo-Keppel,Hummelo-Keppel,
Hüntrop,Hüntrop,
Huuizen,Huuizen,
Ide (gem. Vries),Ide (gem. Vries),
Idsega,Idsega,
Idskenhuizen,Idskenhuizen,Q1948472
Ieperen,Ieperen,
IJerseke,IJerseke,
IJlst,IJlst,Q73348
IJselmonde,IJselmonde,
IJselsteijn,IJselsteijn,
IJselstein,IJselstein,
Ijselstein,Ijselstein,
IJselstijn,IJselstijn,
IJsendoorn,IJsendoorn,
IJsselmonde,IJsselmonde,Q1220800
Ijsselmuiden,Ijsselmuiden,Q1007168
IJsselsteijn,IJsselsteijn,
IJsselstein,IJsselstein,Q10045
Ijsselstein,Ijsselstein,Q10045
IJsselstein ,IJsselstein ,Q10045
IJzendoorn,IJzendoorn,Q2136597
Ilmenau,Ilmenau,Q205929
Imspach (Beieren),Imspach (Beieren),
Imspach Beieren,Imspach Beieren,
In Limburg (Belg.),In Limburg (Belg.),
Ingen,Ingen,Q705266
Ingen bij Lienden,Ingen bij Lienden,
Ingen bij Tiel,Ingen bij Tiel,
Ingen gem Lienden,Ingen gem Lienden,
Ingen gem. Liende,Ingen gem. Liende,
Ingen gem. Lienden,Ingen gem. Lienden,
Ingen Tiels @,Ingen Tiels @,
Innspach Beieren,Innspach Beieren,
IOhrhove (Duitsland),IOhrhove (Duitsland),
Iseghem,Iseghem,Q392337
Iskolschau  Oostenrijk Silezië,Iskolschau  Oostenrijk Silezië,
Isselborg (D),Isselborg (D),
Itteren,Itteren,Q2350291
Ixel,Ixel,Q421058
Ixelles,Ixelles,Q208713
Ixelles (Belgie),Ixelles (Belgie),
Ixelles (België),Ixelles (België),
Jaarsveld,Jaarsveld,Q985360
Jabbega-Schurega (gem. Schoterland),Jabbega-Schurega (gem. Schoterland),
Jambe,Jambe,Q6127785
Janchelet,Janchelet,
Jaren,Jaren,Q2741188
Jelsum gm. Leeuweradeel,Jelsum gm. Leeuweradeel,
Jermeshause (D),Jermeshause (D),
Jeumont,Jeumont,Q600164
Jisp,Jisp,Q1946750
Joure,Joure,Q2317245
Jouwerd (Baarderadeel),Jouwerd (Baarderadeel),
Jouwerd (Baarderadeel) ,Jouwerd (Baarderadeel) ,
Jubbega,Jubbega,Q3116990
Jubbega Schuringa,Jubbega Schuringa,
Jubbega-Schurega,Jubbega-Schurega,
Jubbega-Schurrega,Jubbega-Schurrega,
Jubega,Jubega,
Jukwerd,Jukwerd,
Jut5phaas,Jut5phaas,
Jutfaas,Jutfaas,
Jutphaas,Jutphaas,Q1921467
Jutsaes,Jutsaes,
Kaldekirche (D),Kaldekirche (D),
Kalich (R Polen),Kalich (R Polen),
Kalis,Kalis,Q1338354
Kalisch,Kalisch,Q21487806
Kallenkote,Kallenkote,
Kameren,Kameren,
Kamerick,Kamerick,
Kamerik,Kamerik,Q1863836
kamerik,kamerik,Q1863836
Kampen,Kampen,Q257273
kampen,kampen,Q257273
Kamperveen,Kamperveen,Q2313777
kantoorbediende nu lstpl. sold,kantoorbediende nu lstpl. sold,
Kapelle,Kapelle,Q1024703
Katwijk,Katwijk,Q208764
Katwijk a. Zee,Katwijk a. Zee,
Katwijk a/Zee,Katwijk a/Zee,
Katwijk aan Zee,Katwijk aan Zee,Q2921491
Kelz,Kelz,
Kerkdriel,Kerkdriel,Q3112493
"Kerklaan gem Amsterdam, volgens bevolk, kaart Amsterdam","Kerklaan gem Amsterdam, volgens bevolk, kaart Amsterdam",
Kerkrade,Kerkrade,Q9796
Kerkwijk,Kerkwijk,Q2626850
Kessel,Kessel,Q407800
Kesteren,Kesteren,Q1615562
Ketel,Ketel,Q6395365
Keulen,Keulen,Q365
Keulen a/R (Duitschl.),Keulen a/R (Duitschl.),
Kiefelburg (D),Kiefelburg (D),
Kleef,Kleef,Q6842
Kleef Duitschl.,Kleef Duitschl.,
Klein Osterhausen,Klein Osterhausen,
Klein-Morin (Duitschl.),Klein-Morin (Duitschl.),
Klooster @@sede (D),Klooster @@sede (D),
Klooster Oesede (D.),Klooster Oesede (D.),
Klooster Oesede (D).,Klooster Oesede (D).,
Klooster-Anjum gem. Menaldumadeel,Klooster-Anjum gem. Menaldumadeel,
Kloosterheusden Kreis Osnabrück,Kloosterheusden Kreis Osnabrück,
Kloosterheusden Kreis Osnabruck ,Kloosterheusden Kreis Osnabruck ,
Kloosteroesede,Kloosteroesede,
Kloster Oesede,Kloster Oesede,
Klundert,Klundert,Q76996
Kockange,Kockange,
Kockenge,Kockenge,
Kockengen,Kockengen,Q2502767
Koedijk,Koedijk,Q2791994
Koewacht,Koewacht,Q1986178
Kokengen,Kokengen,
Kolisch,Kolisch,Q21510994
Kollum (Kollumerland),Kollum (Kollumerland),
Kollumerzwaag,Kollumerzwaag,Q3029834
Konigsteh,Konigsteh,
Koningsheurt,Koningsheurt,
Koog a.d. Zaan ,Koog a.d. Zaan ,
Koog a/d Zaan,Koog a/d Zaan,
Koog aan de Zaan,Koog aan de Zaan,Q2260299
Koolwijksebroek (gem Barneveld),Koolwijksebroek (gem Barneveld),
koopman,koopman,Q13745232
Kooten,Kooten,
Kooten gem. Achtkarspelen,Kooten gem. Achtkarspelen,
Kootwijk,Kootwijk,Q2372373
Kootwijkerbroek,Kootwijkerbroek,Q3030486
Kortenhoef,Kortenhoef,Q2317705
Kortrijk,Kortrijk,Q12995
Kortrijk West-Vlaanderen,Kortrijk West-Vlaanderen,
Koudekerk,Koudekerk,Q2922911
Koudekerke,Koudekerke,Q1785561
Kouder,Kouder,
Koudum,Koudum,Q2228461
Krabbendijke,Krabbendijke,Q1669150
Kralingen,Kralingen,Q12012990
Kralingscheveer,Kralingscheveer,
Kreveld,Kreveld,
Krewert,Krewert,
Krimpen a/d IJssel,Krimpen a/d IJssel,
Krimpen a/d Lek,Krimpen a/d Lek,
Krommenie,Krommenie,Q2429243
Kronenberg,Kronenberg,Q418488
Kronenberg (D),Kronenberg (D),
Kruiningen,Kruiningen,Q1025055
Kruisingen,Kruisingen,
Krummstadt,Krummstadt,
Kuilenburg,Kuilenburg,Q816699
Kuindert,Kuindert,
Kuinre,Kuinre,Q81152
La Bouvrie,La Bouvrie,
La Lounére,La Lounére,
La Louviere,La Louviere,Q211572
Laag Nieuwkoop,Laag Nieuwkoop,
Laamslag,Laamslag,
Laaren,Laaren,
Laeken,Laeken,Q730506
Laeken ,Laeken ,Q730506
Lage Zwaluwe,Lage Zwaluwe,Q1860908
'L meer gem. Schoterland,Landsmeer,Q9942
Landsmeer,Landsmeer,Q9942
Landstuhl Pfalz,Landstuhl Pfalz,
Langbroek,Langbroek,Q3030117
Lange Niese,Lange Niese,
Lange Ruige Weide,Lange Ruige Weide,Q2134122
Lange Ruigeweide,Lange Ruigeweide,
Lange-Ruigeweide,Lange-Ruigeweide,
Langebroek,Langebroek,
Langeraar gem. ter Aar,Langeraar gem. ter Aar,
Langerak,Langerak,Q399193
Langerak Z H,Langerak Z H,
Langeruigeweide,Langeruigeweide,
Langezwaag,Langezwaag,Q2686566
Laren,Laren,Q234625
LAren,LAren,Q234625
Laren ,Laren ,Q234625
Laren (N.H.),Laren (N.H.),
Laren N.H.,Laren N.H.,
Laren NH.,Laren NH.,
Lasterop,Lasterop,
Laudenbach,Laudenbach,Q360530
Lauingen (Beieren),Lauingen (Beieren),
Laurensberg (duitschl),Laurensberg (duitschl),
Lebbeeke,Lebbeeke,
Lebbeke,Lebbeke,Q504653
Lede,Lede,Q1811508
Ledeberg,Ledeberg,Q2802143
Leeds (E),Leeds (E),
Leek,Leek,Q1807269
Leens,Leens,Q2377601
Leerbroek,Leerbroek,Q1001658
Leerdam,Leerdam,Q388575
Leersum,Leersum,Q81177
Leeuwaden,Leeuwaden,
Leeuwarden,Leeuwarden,Q25390
Leeuwarderadeel,Leeuwarderadeel,Q778989
Leeuwaredn,Leeuwaredn,
Leeuwarrden,Leeuwarrden,
Leeuwen,Leeuwen,Q3228997
Leiden,Leiden,Q43631
Leiden ,Leiden ,Q43631
Leiden / Kampen,Leiden / Kampen,
Leiderdorp,Leiderdorp,Q1000817
Leidern,Leidern,
Leidne,Leidne,
Leijebroek,Leijebroek,
Leimuiden,Leimuiden,Q1019099
Leipzig,Leipzig,Q2079
Lekkerkerk,Lekkerkerk,Q3143983
Lekkum gem. Leeuwarderadeel,Lekkum gem. Leeuwarderadeel,
Leksmond,Leksmond,
Lellens,Lellens,
Lemmer,Lemmer,Q144091
Lemsterland,Lemsterland,Q840628
Lens,Lens,Q768575
Lens ,Lens ,Q768575
Leur,Leur,Q1821607
Leusden,Leusden,Q10046
LEusden,LEusden,Q10046
Leusden Leushoek,Leusden Leushoek,
Leusen,Leusen,
Leussen,Leussen,
Leuven,Leuven,Q118958
Leuze,Leuze,Q405277
Lexmond,Lexmond,Q3026650
Libbeeke,Libbeeke,
Lichaert,Lichaert,
Lichtaert,Lichtaert,
Lichtenvoorde,Lichtenvoorde,Q684984
Liedekerke,Liedekerke,Q818621
Liege,Liege,Q3992
Liège,Liège,Q3992
Liemde bij Tiel,Liemde bij Tiel,
Liende,Liende,
Liende bij Tiel,Liende bij Tiel,
Lienden,Lienden,Q1862874
Lier,Lier,Q256007
Lier (B.),Lier (B.),
Lingen,Lingen,Q4185
Linne,Linne,Q787154
Linnische Kr. Juelich,Linnische Kr. Juelich,
Linschoten,Linschoten,Q254199
Linschoten ,Linschoten ,Q254199
Lisse,Lisse,Q332730
Lith,Lith,Q2676695
Lobit Capelle,Lobit Capelle,
Lobith,Lobith,Q3110427
Lochem,Lochem,Q932058
Lodz Polen,Lodz Polen,
Loenen,Loenen,Q1020444
Loenen a/d Vecht,Loenen a/d Vecht,
Loenen a/d Vecht bij Amsterdam,Loenen a/d Vecht bij Amsterdam,
Loenen Vreeland,Loenen Vreeland,
Loenersloot,Loenersloot,Q2260310
Lohren (Duitschl),Lohren (Duitschl),
Lokeren,Lokeren,Q12910
Lokeren bij Gent,Lokeren bij Gent,
Londen,Londen,Q265957
Londen (E),Londen (E),
Lonneker,Lonneker,Q2490294
Lonneker (O),Lonneker (O),
Loon op 't Zand,Loon op 't Zand,
Loon op Zand,Loon op Zand,Q9850
Loon-op-Zand,Loon-op-Zand,
Loosdrecht,Loosdrecht,Q93485
Loosdrecht ,Loosdrecht ,Q93485
Loosdrecht-Oudever,Loosdrecht-Oudever,
Loosdrechyt,Loosdrechyt,
Loosdrect,Loosdrect,
Loosduinen,Loosduinen,Q994533
Lopik,Lopik,Q10047
Lopik (Schoonhoven),Lopik (Schoonhoven),
Lopik-Capelle,Lopik-Capelle,
Lopikker Kapel,Lopikker Kapel,
Lopk,Lopk,
los arbeider,los arbeider,
los werkman,los werkman,
Los werkman,Los werkman,
Losser,Losser,Q10015
Losser (O),Losser (O),
Lotz (Polen),Lotz (Polen),
Lowek (Polen),Lowek (Polen),
Lübeck,Lübeck,Q2843
Luik,Luik,Q21492099
Luinge bij Kortrijk in België,Luinge bij Kortrijk in België,
Luith (D.),Luith (D.),
Lunjeberd,Lunjeberd,
Lunschoten,Lunschoten,
Lunteren,Lunteren,Q1907164
Luthewierum,Luthewierum,
Lutjebroek,Lutjebroek,Q2329996
Lutkewierum,Lutkewierum,Q385124
Lutzewierum,Lutzewierum,
Luxemburg,Luxemburg,Q32
Lyon  Frankrijk,Lyon  Frankrijk,
M. Gladbach,M. Gladbach,
M@nschen L@bach,M@nschen L@bach,
Maagdenburg,Maagdenburg,Q1733
Maarhees en Overloon,Maarhees en Overloon,
Maarn,Maarn,Q1616311
Maarn Maarsbergen,Maarn Maarsbergen,
Maarse,Maarse,
Maarsen,Maarsen,
Maarseveen,Maarseveen,
Maarssen,Maarssen,Q932008
Maarsseveeen,Maarsseveeen,
Maarsseveen,Maarsseveen,Q2417345
Maarsveen,Maarsveen,
Maartensdijk,Maartensdijk,Q2179687
maartensdijk,maartensdijk,Q2179687
Maas@,Maas@,
Maasbommel,Maasbommel,Q2986737
Maasbracht,Maasbracht,Q1615373
Maasbree,Maasbree,Q927936
Maasdam,Maasdam,Q2124272
Maasland,Maasland,Q1055703
Maasniel,Maasniel,Q2333473
Maassluis,Maassluis,Q497130
Maasteicht,Maasteicht,
Maastricht,Maastricht,Q1309
Maasveen,Maasveen,
Made,Made,Q410840
Made en Drimmelen,Made en Drimmelen,Q2482970
Magdenburg,Magdenburg,
Mahlwinkel Kreis Wolmirstedt bei Magdeburg,Mahlwinkel Kreis Wolmirstedt bei Magdeburg,
Makkum,Makkum,Q1219027
Maldeghem,Maldeghem,Q12896
Malden,Malden,Q255579
Malonne,Malonne,Q2189182
Mander Tubbergen,Mander Tubbergen,
Mannheim,Mannheim,Q2119
Mantgum,Mantgum,Q2276913
Marchienne au Pont,Marchienne au Pont,
Marcinelle,Marcinelle,Q785440
Markelo,Markelo,Q852674
Marken,Marken,Q301415
Marn,Marn,
Marrum,Marrum,Q2304407
Marrum gem. Ferwerderadeel,Marrum gem. Ferwerderadeel,
Marssum,Marssum,Q2527568
Maurik,Maurik,Q2453631
Maurikl,Maurikl,
Mechelen,Mechelen,Q162022
Mechelen (België),Mechelen (België),
Medemblik,Medemblik,Q9947
Meden,Meden,Q1916085
Medum,Medum,
Meenen,Meenen,Q213224
Meerendre,Meerendre,
Meerkerk,Meerkerk,Q2774284
Meerle,Meerle,Q2784719
Meerlo,Meerlo,Q2672250
Meern,Meern,
Meersen,Meersen,
Meerssen,Meerssen,Q9772
Meesterknecht,Meesterknecht,
Meeteren,Meeteren,
Megen Haren en Macharen,Megen Haren en Macharen,
Meijel,Meijel,Q1007185
Meire,Meire,Q58409213
Meldert,Meldert,Q1218755
Melick en Herkenbosch,Melick en Herkenbosch,Q2844714
Melisant,Melisant,
Meliskerke,Meliskerke,Q2157654
Melslawier,Melslawier,
Menaldum,Menaldum,Q2246377
Menaldumadeel,Menaldumadeel,Q475366
Meppel,Meppel,Q60425
Meppl,Meppl,
Merchem (B),Merchem (B),
Merkelbeek,Merkelbeek,Q3030556
Merken bij Dinmuiden,Merken bij Dinmuiden,
Merxem,Merxem,Q2543761
Merxem (B.),Merxem (B.),
Mestlawar,Mestlawar,
metselaar,metselaar,
metselaar thans soldaar,metselaar thans soldaar,
Metslawier,Metslawier,Q929981
Meulenbeek,Meulenbeek,
Middelbert gem. Noordwijk,Middelbert gem. Noordwijk,
Middelburg,Middelburg,Q411598
Middelharnis,Middelharnis,Q848898
Middelie,Middelie,Q959243
Midelburg,Midelburg,
Midwolda,Midwolda,Q1879065
Midwolde,Midwolde,
Mierlo,Mierlo,Q1614337
Mijdrec ht,Mijdrec ht,
Mijdrecht,Mijdrecht,Q666498
mijnwerker nu @ soldt.,mijnwerker nu @ soldt.,
mil soldaat,mil soldaat,
milicien soldaat (steendrukker),milicien soldaat (steendrukker),
Milissant,Milissant,
Militair wielrijder,Militair wielrijder,
Mill en St Hubert,Mill en St Hubert,
Mill en St. Hubert,Mill en St. Hubert,
Millingen,Millingen,Q30315330
Minnerstga,Minnerstga,
Minnertsga,Minnertsga,Q2634202
Mittmarsum (Duitschl),Mittmarsum (Duitschl),
Moddergat,Moddergat,Q2135562
Moddergat West Dongeradeel,Moddergat West Dongeradeel,
Molenbeek,Molenbeek,Q180775
Molenbeek St. Jean,Molenbeek St. Jean,
Molenbeeke,Molenbeeke,
Monnickendam,Monnickendam,Q81276
Monnikebeeren,Monnikebeeren,
Monnikendam,Monnikendam,Q81276
Monnikkendam,Monnikkendam,
Mons,Mons,Q83407
Monster,Monster,Q276453
Mont-sur-Marchienne,Mont-sur-Marchienne,Q843323
Montfoort,Montfoort,Q10048
Moordrecht,Moordrecht,Q1019303
`Morra,Morra,Q358462
Morsniel,Morsniel,
Mortsel,Mortsel,Q688781
Mourik,Mourik,
Mourik bij Tiel,Mourik bij Tiel,
Muhlheim am Ruhr,Muhlheim am Ruhr,
Muiden,Muiden,Q9948
Muiderberg,Muiderberg,Q1807382
Mülheim,Mülheim,Q2899
Munchen Gladbach,Munchen Gladbach,
Munnikebeeren,Munnikebeeren,
Munnikeburen,Munnikeburen,
Munnikeburen gem. Westellingwerf,Munnikeburen gem. Westellingwerf,
Munster,Munster,Q131438
Munster (Dld),Munster (Dld),
Münster (Duitsland),Münster (Duitsland),
Munster (Westphalen),Munster (Westphalen),
Munster Geleen,Munster Geleen,
Munster-Geleen,Munster-Geleen,
Munstergeleen,Munstergeleen,Q769641
Muntendam,Muntendam,Q2239824
Murmerwoude,Murmerwoude,Q2272796
N. Pekela,N. Pekela,
N.Pekela,N.Pekela,
Naaldwijk,Naaldwijk,Q1613459
Naarden,Naarden,Q9949
Namen,Namen,Q134121
Namuur,Namuur,
Natturn,Natturn,
Neder-Asselt,Neder-Asselt,
Nederhemert,Nederhemert,Q2677372
Nederhorst den Berg,Nederhorst den Berg,Q1615344
Nederhorst ten Berg,Nederhorst ten Berg,
Nederhorst-den Berg,Nederhorst-den Berg,
Nederweert,Nederweert,Q9789
Neede,Neede,Q1350047
Neer Langbroek,Neer Langbroek,
Neer-Langbroek,Neer-Langbroek,
Neerlangbroek,Neerlangbroek,
Neerlanghoek,Neerlanghoek,
Nehrort,Nehrort,
Neiuwkoop,Neiuwkoop,
nelsbergen,nelsbergen,
Nes,Nes,Q295184
Nes (Utingeradeel),Nes (Utingeradeel),
Nes (Westdongeradeel),Nes (Westdongeradeel),
Nes bij dokkum,Nes bij dokkum,
Nes gem Westdongeradeel,Nes gem Westdongeradeel,
Nes gem. Westdongeradeel,Nes gem. Westdongeradeel,
"Nes, gem. Westdongeradeel","Nes, gem. Westdongeradeel",
Netten Dld,Netten Dld,
Neukirchen,Neukirchen,Q510083
Neuss. Duitschl.,Neuss. Duitschl.,
Nibbixwoud,Nibbixwoud,Q2690283
Niebergewald gemeente Bergen,Niebergewald gemeente Bergen,
Niebert (gem. Marum),Niebert (gem. Marum),
Niebert (Gron.),Niebert (Gron.),
Niederbreissig,Niederbreissig,
Niekerk,Niekerk,Q363983
niet vermeld,niet vermeld,
Niet vermeld,Niet vermeld,
Nieuw Amsterdam,Nieuw Amsterdam,Q399069
Nieuw Amsterdam (Emmen),Nieuw Amsterdam (Emmen),
Nieuw Harske gem. Joure,Nieuw Harske gem. Joure,
Nieuw Koop,Nieuw Koop,
Nieuw Lekkerland,Nieuw Lekkerland,Q846242
Nieuw Leusen,Nieuw Leusen,
Nieuw Niedorp,Nieuw Niedorp,
Nieuw Pekela,Nieuw Pekela,
Nieuw Pekelaar,Nieuw Pekelaar,
Nieuw Vosmeer,Nieuw Vosmeer,
Nieuw Vosmerr,Nieuw Vosmerr,
Nieuw Vossemeer,Nieuw Vossemeer,
Nieuw-Dordrecht,Nieuw-Dordrecht,Q3030491
Nieuw-Hellevoet,Nieuw-Hellevoet,
Nieuw-Helvoet,Nieuw-Helvoet,Q2251672
Nieuw-Schoonebeek,Nieuw-Schoonebeek,Q1874707
Nieuw-Vosmeer,Nieuw-Vosmeer,
Nieuwe Amstel,Nieuwe Amstel,
Nieuwe Pekela,Nieuwe Pekela,Q2900922
Nieuwe Schans,Nieuwe Schans,
Nieuwe Schoot gem. Schoterland,Nieuwe Schoot gem. Schoterland,
Nieuwe Tonge,Nieuwe Tonge,Q2542331
Nieuwe Vosmeel,Nieuwe Vosmeel,
Nieuwe Vosmeer,Nieuwe Vosmeer,
Nieuwediep,Nieuwediep,Q2378984
Nieuwendam,Nieuwendam,Q2234321
Nieuwenhage,Nieuwenhage,
Nieuwenhagen,Nieuwenhagen,Q1856446
Nieuwenhoorn,Nieuwenhoorn,Q2060530
Nieuwenhoven,Nieuwenhoven,
Nieuwer Amstel,Nieuwer Amstel,
Nieuwer amstel,Nieuwer amstel,
Nieuwer Amster,Nieuwer Amster,
Nieuwer Sluis,Nieuwer Sluis,
Nieuwer- Amstel,Nieuwer- Amstel,
Nieuwer-Amstel,Nieuwer-Amstel,Q9898
Nieuwer-amstel ,Nieuwer-amstel ,
Nieuweramstel,Nieuweramstel,Q9898
Nieuwerbrug,Nieuwerbrug,Q587436
Nieuwerdam,Nieuwerdam,
Nieuwerkerk a/d IJssel,Nieuwerkerk a/d IJssel,
Nieuweroord,Nieuweroord,
Nieuweschans,Nieuweschans,Q1890680
Nieuweveen,Nieuweveen,Q3341327
Nieuwkoop,Nieuwkoop,Q948866
NIeuwkoop,NIeuwkoop,Q948866
Nieuwkuijk,Nieuwkuijk,Q2376492
Nieuwleusen,Nieuwleusen,Q494301
Nieuwolda,Nieuwolda,Q2483664
Nieuwpoort,Nieuwpoort,Q387303
Nieuwstad,Nieuwstad,
Nieuwveen,Nieuwveen,Q2177358
Niewediep,Niewediep,
Niezijl,Niezijl,
Nigtevecht,Nigtevecht,Q3117041
Nije Haske,Nije Haske,
Nije Haske Schoterland,Nije Haske Schoterland,
Nije Kaske,Nije Kaske,
Nijega,Nijega,Q3029813
Nijehaske,Nijehaske,Q2008652
Nijenhaske,Nijenhaske,
Nijeveen,Nijeveen,Q3027818
Nijker,Nijker,
Nijkerk,Nijkerk,Q73226
NIjkerk,NIjkerk,Q73226
Nijkerk ,Nijkerk ,Q73226
Nijkerk Fr.,Nijkerk Fr.,
Nijkerk Friesl.,Nijkerk Friesl.,
Nijkerk Friesland,Nijkerk Friesland,
Nijkerken,Nijkerken,
Nijkerkerveen,Nijkerkerveen,Q3056786
Nijland gem. Wijmbritseradeel,Nijland gem. Wijmbritseradeel,
Nijmegen,Nijmegen,Q47887
Nijveveen,Nijveveen,
Nisse,Nisse,Q402073
Nistelrode,Nistelrode,Q2218972
Nistelroe,Nistelroe,
Niuewkoop,Niuewkoop,
No@@@@@@ (D),No@@@@@@ (D),
Nooddorp,Nooddorp,Q2717378
Nooddorp (Z.H.),Nooddorp (Z.H.),
Noord Barge,Noord Barge,
Noord Scharwoude,Noord Scharwoude,
Noord-Barge,Noord-Barge,
Noord-Wolde,Noord-Wolde,
Noordbroek,Noordbroek,Q1924750
Noorddijk,Noorddijk,Q1218245
Noorden gem. Nieuwkoop,Noorden gem. Nieuwkoop,
Noorden Nieuwkoop,Noorden Nieuwkoop,
Noordijk,Noordijk,Q1856840
Noordijk (G),Noordijk (G),
Noordijk Gr.,Noordijk Gr.,
Noordschermer,Noordschermer,
Noordwijk,Noordwijk,Q455464
Noordwijk (Gr.),Noordwijk (Gr.),
Noordwijkerhout,Noordwijkerhout,Q848988
Noordwolde,Noordwolde,Q1221128
Noordwolde gem. Bedum,Noordwolde gem. Bedum,
Noordwolde gem. Weststellingwerf,Noordwolde gem. Weststellingwerf,
Nootdorp,Nootdorp,Q1615172
Norg,Norg,Q934932
Norg (D.),Norg (D.),
Nothulum D,Nothulum D,
Nott@@@@@ Duitschl,Nott@@@@@ Duitschl,
Nottullen (Westphalen),Nottullen (Westphalen),
Nuland,Nuland,Q2112786
Numansdorp,Numansdorp,Q518691
Nunen,Nunen,
Nunspeet,Nunspeet,Q931997
Nunspeet gem. Ermelo,Nunspeet gem. Ermelo,
Nutter  (Denekamp),Nutter  (Denekamp),
O.L. Vrouwenparochie,O.L. Vrouwenparochie,
Obbicht en Papenhoven,Obbicht en Papenhoven,Q2647473
Obdam,Obdam,Q649748
Oberhausen (D),Oberhausen (D),
Oberhausen (Duitsland),Oberhausen (Duitsland),
Oberslesien,Oberslesien,
Ochtrop,Ochtrop,
Ochtrop (D),Ochtrop (D),
Ochtrop (Dld),Ochtrop (Dld),
Odijk,Odijk,Q2124349
Odoorn,Odoorn,Q2694139
Odoorn (Dr),Odoorn (Dr),
Oefelt,Oefelt,
Oeffelt,Oeffelt,Q2656060
Oegstgeest,Oegstgeest,Q94747
Oerlo Venraij (L),Oerlo Venraij (L),
Oesedie bij Osnabruck,Oesedie bij Osnabruck,
Oesedie D,Oesedie D,
Oesedie D.,Oesedie D.,
Ofende gem Grootegast,Ofende gem Grootegast,
Offringawier,Offringawier,
Oirschot,Oirschot,Q9856
Oisterwijk,Oisterwijk,Q9857
Oldeberkoop,Oldeberkoop,Q2634690
Oldeboom,Oldeboom,
Oldeboorn,Oldeboorn,Q1982962
Oldeboorn gem Utingeradeel,Oldeboorn gem Utingeradeel,
Oldebroek,Oldebroek,Q932042
Oldemark,Oldemark,
Oldemarkt,Oldemarkt,Q3117018
Oldenboorn,Oldenboorn,
Oldenbroek,Oldenbroek,
Oldenmarkt,Oldenmarkt,
Oldenzaal,Oldenzaal,Q10016
Oledbroek,Oledbroek,
Olm,Olm,Q15856
Olne,Olne,Q710358
Olst,Olst,Q3032495
Olterterp Gem. Opsterland,Olterterp Gem. Opsterland,
Ommen,Ommen,Q10018
Ommen ,Ommen ,Q10018
Onderdendam,Onderdendam,Q2493148
Onna  Steenwijkerwold,Onna  Steenwijkerwold,
Onstwedde,Onstwedde,Q2382045
Onstwedde Stadskanaal,Onstwedde Stadskanaal,
Ooltgensplaat,Ooltgensplaat,Q2249199
Oost @ressel,Oost @ressel,
Oost Dongeradeel,Oost Dongeradeel,
Oost kapelle,Oost kapelle,
oost Kapelle,oost Kapelle,
Oost Stellingwerf,Oost Stellingwerf,
Oost Stellingwerg,Oost Stellingwerg,
Oost- en West-Souburg,Oost- en West-Souburg,Q2463135
Oost-kapelle,Oost-kapelle,
Oost@@lde,Oost@@lde,
Oostburg,Oostburg,Q1615032
Oostdingeradeel,Oostdingeradeel,
Oostdongeradeel,Oostdongeradeel,Q851299
"Oostende, VLaanderen","Oostende, VLaanderen",
Oosterbeek,Oosterbeek,Q2218481
Oosterblokker,Oosterblokker,
Oosterhout,Oosterhout,Q9858
Oosterlittens,Oosterlittens,Q1836212
Oostermeer,Oostermeer,Q1278114
Oosterwierum,Oosterwierum,Q2084656
Oosterwijk,Oosterwijk,
Oosterwold,Oosterwold,
Oosterwolde,Oosterwolde,Q399229
Oosterwolde Geld.,Oosterwolde Geld.,
Oosterwolde Gem. Ooststellingwerf,Oosterwolde Gem. Ooststellingwerf,
Oosterzee,Oosterzee,Q3182740
Ooststelingwerf,Ooststelingwerf,
Ooststellingwerf,Ooststellingwerf,Q259205
Oostvoorne,Oostvoorne,Q2738927
Oostwold (gem Leek),Oostwold (gem Leek),
Oostwold (gem. Leek),Oostwold (gem. Leek),
Oostwold (gem. Luk.),Oostwold (gem. Luk.),
Oostwolde,Oostwolde,
Oostwolde (gem. Leek),Oostwolde (gem. Leek),
Oostzaan,Oostzaan,Q9951
Ootigen,Ootigen,
Ootmarssum,Ootmarssum,
Ootmarsum,Ootmarsum,Q1615365
Opeinde,Opeinde,Q3030193
Ophemert,Ophemert,Q3110411
Opheusden,Opheusden,Q3183256
Opmeer,Opmeer,Q9952
opmeer,opmeer,Q9952
Opperdoes,Opperdoes,Q3354353
Opstade bij Aalst Oost-Vlaanderen,Opstade bij Aalst Oost-Vlaanderen,
Opsterland,Opsterland,Q840632
Oranjewoud Gem. Schoterland,Oranjewoud Gem. Schoterland,
orgelmaker,orgelmaker,
Osberg Kreis Brilon prov. Westfalen,Osberg Kreis Brilon prov. Westfalen,
Osch,Osch,Q47918154
Osdorp,Osdorp,Q1003585
Osende gem. Groote Gast,Osende gem. Groote Gast,
Osnabruck,Osnabruck,Q2916
Osnabrück,Osnabrück,Q2916
Osnabrueck,Osnabrueck,Q2916
Oss,Oss,Q9859
Oss ,Oss ,Q9859
Oss (N.Brab.),Oss (N.Brab.),
Oss.,Oss.,
Ossendrecht,Ossendrecht,Q579722
Ossowo,Ossowo,Q7107542
Ostende,Ostende,Q395906
Oterleek,Oterleek,Q2604194
Otigem,Otigem,
Ottersum,Ottersum,Q2189395
Ottersum L.,Ottersum L.,
Oud Aden,Oud Aden,
Oud Beijerland,Oud Beijerland,
Oud en Nieuw Gastel,Oud en Nieuw Gastel,Q1948557
Oud en nieuw Gastel,Oud en nieuw Gastel,Q1948557
Oud en nieuwe Gastel,Oud en nieuwe Gastel,
Oud Gestel,Oud Gestel,
Oud Karspel,Oud Karspel,
Oud Leusden,Oud Leusden,
Oud Loosdrecht,Oud Loosdrecht,
Oud Vollenhoven,Oud Vollenhoven,
Oud Vossemeer,Oud Vossemeer,
Oud- en N. Gastel,Oud- en N. Gastel,
Oud- en Nieuw Gastel,Oud- en Nieuw Gastel,
Oud- en Nieuw-Gastel,Oud- en Nieuw-Gastel,Q1948557
Oud-Beierland,Oud-Beierland,
Oud-Beijerland,Oud-Beijerland,Q795623
Oud-Gastel,Oud-Gastel,
Oud-Leusden,Oud-Leusden,Q2222075
Oud-Loosdrecht,Oud-Loosdrecht,Q2001691
Oud-Vosmeer,Oud-Vosmeer,
Oud-Vossemeer,Oud-Vossemeer,Q984957
Oud-Vroenhoven,Oud-Vroenhoven,Q549029
Ouddorp,Ouddorp,Q21060
Oude Amstel,Oude Amstel,
Oude Biltzijl,Oude Biltzijl,
Oude Mirdum,Oude Mirdum,
Oude Mirdum Gaasterland,Oude Mirdum Gaasterland,
Oude Niedorp,Oude Niedorp,Q2754237
Oude Pekela,Oude Pekela,Q2096106
Oude Peklea,Oude Peklea,
Oude Tonge,Oude Tonge,Q2496189
Oude Vallaat,Oude Vallaat,
Oude Volplaat,Oude Volplaat,
Oude water,Oude water,
Oude-Amstel,Oude-Amstel,
Oude-Niedorp,Oude-Niedorp,Q2754237
Oude-Pekela,Oude-Pekela,
Oudega,Oudega,Q411184
Oudehorne,Oudehorne,Q2719405
Oudemirdum,Oudemirdum,Q2138390
Ouden Bosch,Ouden Bosch,
Oudenbiosch,Oudenbiosch,
Oudenbosch,Oudenbosch,Q2701706
Oudenhorna,Oudenhorna,
Oude@rijn,Oudenrijn,Q629542
Oudenrijn,Oudenrijn,Q629542
Ouder Amstel,Ouder Amstel,
Ouder Mirdum,Ouder Mirdum,
Ouder- Amstel,Ouder- Amstel,
Ouder-Amstel,Ouder-Amstel,Q9953
Ouder@@@@,Ouder@@@@,
Ouderamstel,Ouderamstel,Q9953
Ouderbosch,Ouderbosch,
Ouderkerk a/d Amstel,Ouderkerk a/d Amstel,Q282729
Ouderkerk a/d Amstel gem Ouder-Amstel,Ouderkerk a/d Amstel gem Ouder-Amstel,
Ouderkerk a/d. Amstel,Ouderkerk a/d. Amstel,
Ouderwater,Ouderwater,
Oudeschool,Oudeschool,
Oudeschool gem. Schoterland,Oudeschool gem. Schoterland,
Oudewater,Oudewater,Q10051
Oudkarspel,Oudkarspel,Q2427079
Oudover (gem. Loosdrecht),Oudover (gem. Loosdrecht),
Oudshoorn,Oudshoorn,Q2255998
Outighem (België),Outighem (België),
Over Langbroek,Over Langbroek,
Overdinkel,Overdinkel,Q918721
Overeest,Overeest,
Overhasselt,Overhasselt,
Overijssche,Overijssche,
Overlangbroek,Overlangbroek,Q2579504
Overloon,Overloon,Q337385
Overpelt (België),Overpelt (België),
Overschie,Overschie,Q2389241
overschie,overschie,Q2389241
Overveen,Overveen,Q1847815
Paal,Paal,Q403946
Pankoro,Pankoro,
Pankow,Pankow,Q163012
Pannerden,Pannerden,Q1918938
Papekop,Papekop,Q2401898
Papendrecht,Papendrecht,Q934511
Parijs,Parijs,Q90
Parkendorf G.H.,Parkendorf G.H.,
Parkendorf O.H,Parkendorf O.H,
Parkendorf O.H.,Parkendorf O.H.,
Parkendorp,Parkendorp,
Paterswolde,Paterswolde,Q939394
Peize,Peize,Q1985729
Perkendorf (Oostenrijk),Perkendorf (Oostenrijk),
"Perkensdorff, Oostenrijk","Perkensdorff, Oostenrijk",
Perkersdorf (Oostenrijk) ,Perkersdorf (Oostenrijk) ,
Pernis,Pernis,Q4120721
Pervez Brabant,Pervez Brabant,
Petroria,Petroria,
Petten,Petten,Q446232
Pijacker,Pijacker,
Pijnacker,Pijnacker,Q968044
Pingjum,Pingjum,Q2795184
Plankento@@ (Z.Am),Plankento@@ (Z.Am),
Plankentoren N. Amerika,Plankentoren N. Amerika,
Poederlee,Poederlee,
Poederoijen,Poederoijen,Q610909
Polder,Polder,Q106259
Polder gem. Muntendam,Polder gem. Muntendam,
Polsbroek,Polsbroek,Q927612
Polsbroekerdam (Polsbroek),Polsbroekerdam (Polsbroek),
Poortugaal,Poortugaal,Q3025882
Poortvliet,Poortvliet,Q3183251
Popel,Popel,Q56540311
Poperinghe (België),Poperinghe (België),
Poppel,Poppel,Q1546377
Posen in Polen,Posen in Polen,
Presburg (H),Presburg (H),
Pretoria,Pretoria,Q3926
Princehae\ge,Princehae\ge,
Princenhage,Princenhage,Q3252438
Prinsenhage,Prinsenhage,Q3252438
Proszisken (O.P),Proszisken (O.P),
Pumschavo,Pumschavo,
Purkendorp,Purkendorp,
Purkensdorf,Purkensdorf,
Purmerend,Purmerend,Q9954
Purmerent,Purmerend,Q9954
Purmerland,Purmerland,Q922758
Putte,Putte,Q929397
Putte (N.Br.),Putte (N.Br.),
Putten,Putten,Q939948
Puttershoek,Puttershoek,Q2677934
Puttershoek.,Puttershoek.,
Quarey,Quarey,
Raalte,Raalte,Q10019
Raamsdonk,Raamsdonk,Q3415830
Raamsdonksveer,Raamsdonksveer,Q3415833
Raamsdonkveer,Raamsdonkveer,Q3415833
Rade (Pruissen),Rade (Pruissen),
Radschen,Radschen,
Raevels (België),Raevels (België),
Ransdorp,Ransdorp,Q2582814
Rasse Bemmel,Rasse Bemmel,
Rath,Rath,Q449934
Raunansant,Raunansant,
Rauwer dehem,Rauwer dehem,
Rauwerda,Rauwerda,
Rauwerdehem,Rauwerdehem,
Rauwerderhem,Rauwerderhem,Q2345504
Ravenstein,Ravenstein,Q405450
Ravenzwaai,Ravenzwaai,
Rdam,Rdam,
Recht D.,Recht D.,
Rede (Pruisesen),Rede (Pruisesen),
Rede (Pruissen),Rede (Pruissen),
Reden,Reden,Q30070367
Redesteeg Gelderland,Redesteeg Gelderland,
Rees,Rees,Q453878
Reeuwijk,Reeuwijk,Q985664
Reeuwijk ,Reeuwijk ,Q985664
Reeuwijk (reeuwijk),Reeuwijk (reeuwijk),
Reine  Duitschland,Reine  Duitschland,
Reine Duitschland,Reine Duitschland,
Rembroek,Rembroek,
Renaix,Renaix,Q268219
Renesse,Renesse,Q1024702
Renkem,Renkem,
Renkum,Renkum,Q691725
Renkum ,Renkum ,Q691725
Renswoude,Renswoude,Q10039
renswoude,renswoude,Q10039
REnswoude,REnswoude,Q10039
Reusel,Reusel,Q3428345
Reuver,Reuver,Q1019527
Rhede,Rhede,Q200581
Rheden,Rheden,Q843899
Rheine,Rheine,Q3890
Rheine (D),Rheine (D),
Rheine (Duitschl),Rheine (Duitschl),
Rhenen,Rhenen,Q10040
Rhoon,Rhoon,Q687584
Rhoon (Rotterdam),Rhoon (Rotterdam),
Ridderkerk,Ridderkerk,Q222220
Rietveld,Rietveld,Q237265
Rijckevorsel,Rijckevorsel,
Rijdenburg,Rijdenburg,
Rijkevoort,Rijkevoort,Q3432009
Rijp,Rijp,
Rijsbergen,Rijsbergen,Q3432017
Rijsenburg,Rijsenburg,Q2431575
Rijssel,Rijssel,
Rijssen,Rijssen,Q494359
Rijssenberg,Rijssenberg,
Rijswijk,Rijswijk,Q506745
Rijzenburg,Rijzenburg,
Rilland Bath,Rilland Bath,
Rilland-Bath,Rilland-Bath,Q2408675
Rocanje,Rocanje,
Rockanje,Rockanje,Q3029661
Rode-Kerke Duitswchland,Rode-Kerke Duitswchland,
Roden,Roden,Q1248365
Roelofarendsveen,Roelofarendsveen,Q2735708
Roemond,Roemond,
Roermond,Roermond,Q9783
Roggel,Roggel,Q2621569
Roksburg,Roksburg,
Rolde,Rolde,Q2182709
Ronse (België),Ronse (België),
Roodewolt,Roodewolt,
Roorda-Huizem,Roorda-Huizem,
Roordahuizen,Roordahuizen,
Roosendaal,Roosendaal,Q6903267
Roosendaal en Nispen,Roosendaal en Nispen,Q3441895
Roozendaal,Roozendaal,Q55632067
Rosmalen,Rosmalen,Q2001490
Rosoendaal,Rosoendaal,
Rossum,Rossum,Q423836
Rosterlouwen,Rosterlouwen,
Roterdam,Roterdam,Q34370
Rotsterhaule (Schoterland),Rotsterhaule (Schoterland),
Rotterd.,Rotterd.,
 Rotterdam,Rotterdam,Q34370
R dam,Rotterdam,Q34370
R-dam,Rotterdam,Q34370
R.dam,Rotterdam,Q34370
R'dam,Rotterdam,Q34370
Rotterdam,Rotterdam,Q34370
rotterdam,rotterdam,Q34370
Rotterdm,Rotterdm,
Rotterdsam,Rotterdsam,
Rottm,Rottm,
Rottm.,Rottm.,
Roucou,Roucou,Q425902
Rousselaare,Rousselaare,
Rouveen,Rouveen,Q2193137
Roux,Roux,Q746427
Rozenburg,Rozenburg,Q1019529
Rozenzurg,Rozenzurg,
Rucphen,Rucphen,Q9862
Rudelstettin,Rudelstettin,
Rudesheim  bij Bingen - Dl,Rudesheim  bij Bingen - Dl,
Ruhland,Ruhland,Q572601
Ruhrord,Ruhrord,
Ruhrort,Ruhrort,Q127660
Ruhrort (D),Ruhrort (D),
Ruigezand,Ruigezand,
Ruinen,Ruinen,Q1007156
Ruinerwold,Ruinerwold,Q2215451
Rumpt,Rumpt,Q692944
Rumsdorp,Rumsdorp,Q943502
Runen,Runen,
Rüttenscheidt (Duitsland),Rüttenscheidt (Duitsland),
Ruurlo,Ruurlo,Q1025683
Ruwiel,Ruwiel,Q2363606
Ruwiel (Loenersloot),Ruwiel (Loenersloot),
s Graveland,s Graveland,
s Gravenhage,s Gravenhage,
S Gravenhage,S Gravenhage,
s Hage,s Hage,
S Hertogenbosch,S Hertogenbosch,
s. Gravenhage,s. Gravenhage,
s.-Gravenhage,s.-Gravenhage,
s.Gravenhage,s.Gravenhage,
s'Gravenhage,s'Gravenhage,
s'Hage,s'Hage,
Saarbrücken,Saarbrücken,Q1724
Saarlouis,Saarlouis,Q14912
Saksen,Saksen,
Sandfirde Wijmbritseradeel,Sandfirde Wijmbritseradeel,
Sappemeer,Sappemeer,Q2056073
Sappenmeer,Sappenmeer,
Sassenheim,Sassenheim,Q1615386
Saurabaijen,Saurabaijen,
Savelen kreis Heinsberg Duitschland,Savelen kreis Heinsberg Duitschland,
Sch@@merveen,Sch@@merveen,
Schaarsberg,Schaarsberg,
Schaerbeek bij Brussel,Schaerbeek bij Brussel,
Schaesberg,Schaesberg,Q1019515
Schagen,Schagen,Q9955
Schaijk,Schaijk,Q3475289
Schalkwijk,Schalkwijk,Q1219207
schalkwijk,schalkwijk,Q1219207
Scharl gem. Hemelumer Oldephaert en Noordwolde.,Scharl gem. Hemelumer Oldephaert en Noordwolde.,
Scharlois,Scharlois,
Scharmer gem. Slochteren,Scharmer gem. Slochteren,
Scharne Goutum,Scharne Goutum,
Schaterland,Schaterland,
Scheemda,Scheemda,Q1010188
Scheepenzeel,Scheepenzeel,
Schellebelle,Schellebelle,Q730801
Schellinghout,Schellinghout,
Schellinkhout,Schellinkhout,Q2627415
Schenkenschans,Schenkenschans,Q466759
Schermerhorn,Schermerhorn,Q2202614
Scherpenheuvel (België),Scherpenheuvel (België),
Scherpenzaal,Scherpenzaal,
Scherpenzee;,Scherpenzee;,
Scherpenzeel,Scherpenzeel,Q407047
Scherpezeel,Scherpezeel,
Scheveningen,Scheveningen,Q837211
Scheveningen den Haag,Scheveningen den Haag,
Scheveningen gemeente 's Gravenhage,Scheveningen gemeente 's Gravenhage,
"Scheveningen, gem 's Gravenhage","Scheveningen, gem 's Gravenhage",
Schiebroek,Schiebroek,Q2434010
Schiedam,Schiedam,Q204709
Schijndel,Schijndel,Q9864
Schildersknecht,Schildersknecht,
Schinnen,Schinnen,Q9782
Schinveld,Schinveld,Q1961936
Schipluiden,Schipluiden,Q1616337
Schmithause (Duitsland),Schmithause (Duitsland),
Schmölln  (Duitsland),Schmölln  (Duitsland),
schoenmaker,schoenmaker,Q21449230
Schoondijke,Schoondijke,Q75967
Schoonebeek,Schoonebeek,Q2006601
Schoonhove,Schoonhove,
Schoonhoven,Schoonhoven,Q478036
Schoonoord,Schoonoord,Q1891350
Schoonrewoerd,Schoonrewoerd,Q3113902
Schoterland,Schoterland,
Schoterland Heerenveen,Schoterland Heerenveen,
Schroda Poscu,Schroda Poscu,
Schulp,Schulp,Q406554
Schulp (Duitschl),Schulp (Duitschl),
Schulp (Sleeswijk Holstein,Schulp (Sleeswijk Holstein,
Schuttoif,Schuttoif,
Schüttorf (Duitschland),Schüttorf (Duitschland),
Schwa@@@@@,Schwa@@@@@,
Schwachhausen (D),Schwachhausen (D),
Scjhiedam,Scjhiedam,
Secourt,Secourt,Q22223
Selzaete Belgie,Selzaete Belgie,
Senay Wals,Senay Wals,
Seranig,Seranig,
Sexbierum,Sexbierum,Q1000617
Sexbierum (gem Barradeel),Sexbierum (gem Barradeel),
Sexbierum gem Barradeel,Sexbierum gem Barradeel,
sGravenhage,sGravenhage,
Sieglar,Sieglar,
Sijbecarspel,Sijbecarspel,
Sijbekarspel,Sijbekarspel,Q763111
Sijnghem,Sijnghem,
Sijseele,Sijseele,
Sint Anna Parochie,Sint Anna Parochie,Q2840555
Sint Annaland,Sint Annaland,Q2624113
Sint johannesga,Sint johannesga,
Sint Maaarten,Sint Maaarten,
Sint Michiels Gestel,Sint Michiels Gestel,
Sint Michielsgestel,Sint Michielsgestel,Q9866
Sint Nicalleg  Liège,Sint Nicalleg  Liège,
Sint Pieter,Sint Pieter,Q2650299
Sint-Maarten,Sint-Maarten,Q26273
Sittard,Sittard,Q73022
Sjouwer,Sjouwer,
Slangenbeek,Slangenbeek,
Sleen,Sleen,Q2781496
sleen,sleen,Q2781496
Sleen-Veenoord,Sleen-Veenoord,
Sleeswijk Holstein,Sleeswijk Holstein,
Sliedrecht,Sliedrecht,Q750760
Slijk Ewijk,Slijk Ewijk,
Slikkerveer,Slikkerveer,Q2587009
Slochteren,Slochteren,Q850211
Slooten,Slooten,
Sloten,Sloten,Q1219259
Sloten (N.Holl.),Sloten (N.Holl.),
Sloten (NH),Sloten (NH),
Sloten Fr.,Sloten Fr.,
Sloten NH,Sloten NH,
Sloterdijk,Sloterdijk,Q235530
Sltoen,Sltoen,
Sluijpwijk,Sluijpwijk,
Sluis,Sluis,Q10080
Sluis (Zeeland),Sluis (Zeeland),
Smallignerland,Smallignerland,
Smallingerland,Smallingerland,Q507065
Smilde,Smilde,Q2165973
Sneek,Sneek,Q23070
Snelrewaard,Snelrewaard,Q2224161
snelrewaard,snelrewaard,Q2224161
Soelmond gemeente Reinekom,Soelmond gemeente Reinekom,
Soerabaja,Soerabaja,Q11462
Soesdijk,Soesdijk,
Soest,Soest,Q358658
soest,soest,Q358658
Soestdijk,Soestdijk,Q2214216
Soesterberg,Soesterberg,Q1025080
Soldaat 2de Reg't Inf,Soldaat 2de Reg't Inf,
Solingen (Duitschl),Solingen (Duitschl),
Someren,Someren,Q9868
Sommelsdijk,Sommelsdijk,Q1024706
Sommersdijk,Sommersdijk,
Sondel,Sondel,Q511563
Sondel (gem. Gaasterland),Sondel (gem. Gaasterland),
Sonne,Sonne,Q341677
Sonnega gem. Weststellingwerf,Sonnega gem. Weststellingwerf,
Sonsbeek,Sonsbeek,
Sourabaija,Sourabaija,
Spaarndam,Spaarndam,Q833664
Spakenburg,Spakenburg,Q385386
Spakenburg (Bunschoten),Spakenburg (Bunschoten),
Spakenburg Bunschoten,Spakenburg Bunschoten,
Spakenburg gem Bunschoten,Spakenburg gem Bunschoten,
Spakenburg gem. Bunschoten,Spakenburg gem. Bunschoten,
Spanbroek,Spanbroek,Q2298676
Spaubeek,Spaubeek,Q3030263
Speldorf Duitschl,Speldorf Duitschl,
Spijk,Spijk,Q1220071
Spijk gem. Bierum,Spijk gem. Bierum,
Spijkenisse,Spijkenisse,Q488545
Spijkernisse,Spijkernisse,
ss,ss,Q223796
St Anna Parochie,St Anna Parochie,
st Anna Parochie,st Anna Parochie,
St Catharina Sombeek  België,St Catharina Sombeek  België,
St Cathelijne Wavre,St Cathelijne Wavre,
St Denis,St Denis,Q224531
St Gilles,St Gilles,Q230443
St Gillis bij Dendermonde,St Gillis bij Dendermonde,
St Jan Molenbeek (België),St Jan Molenbeek (België),
St Jan-Steen,St Jan-Steen,
St Josten ,St Josten ,
St Nicolaasga,St Nicolaasga,Q1861097
St Pancras,St Pancras,Q1218410
St: Michiels Gestel,St: Michiels Gestel,
St. Anansberg,St. Anansberg,
St. Croix,St. Croix,Q642481
St. Denis,St. Denis,Q224531
St. Gilles,St. Gilles,Q230443
St. Jacobi parochie,St. Jacobi parochie,
St. Jan-Steen,St. Jan-Steen,
St. Jans Molenbeek,St. Jans Molenbeek,
St. Jean bij Brussel,St. Jean bij Brussel,
St. Jean-Molenbeek,St. Jean-Molenbeek,
St. Maarten,St. Maarten,Q26273
St. Maartensdijk,St. Maartensdijk,
St. Michelsgestel,St. Michelsgestel,
St. Michielsgestel,St. Michielsgestel,
St. Nicolaasga,St. Nicolaasga,Q1861097
st. Nicolaasga,st. Nicolaasga,Q1861097
St. Truijen,St. Truijen,
St.Anna Parochie gem. Het Bildt,St.Anna Parochie gem. Het Bildt,
St.Michielsgestel,St.Michielsgestel,
Stabroek,Stabroek,Q595654
stad Almelo,stad Almelo,Q3495470
Stad Almelo,Stad Almelo,Q3495470
Stad almelo,Stad almelo,Q3495470
Stad Almelo ,Stad Almelo ,Q3495470
Stad Delden,Stad Delden,Q1871225
Stad Doetichem,Stad Doetichem,
Stad Doetinchem,Stad Doetinchem,Q3495467
stad Hardenberg,stad Hardenberg,Q3146283
Stad Luxemburg (Groot Hertogdom Luxemburg),Stad Luxemburg (Groot Hertogdom Luxemburg),
Stad Ommen,Stad Ommen,Q2949415
stad Rheine (Duitsland),stad Rheine (Duitsland),
Stad Vollenhove,Stad Vollenhove,Q2737273
Stad Vollenhoven,Stad Vollenhoven,
Stad-Delden,Stad-Delden,
Stad-Doetinchem,Stad-Doetinchem,
Stad-Ommen,Stad-Ommen,
Stadkanaal,Stadkanaal,
Stadskanaal,Stadskanaal,Q73074
Stadskanaal gem. Wildervank,Stadskanaal gem. Wildervank,
Staf@@horst,Staf@@horst,
Standaardbuiten,Standaardbuiten,
Standdaarbuiten,Standdaarbuiten,Q2314541
Staphorst,Staphorst,Q10021
Stavenisse,Stavenisse,Q918449
Stavoren,Stavoren,Q504867
Stedum,Stedum,Q582834
Steekene?,Steekene?,
Steenbergen,Steenbergen,Q9870
Steenderen,Steenderen,Q285907
Steenwijk,Steenwijk,Q81175
Steenwijkerwold,Steenwijkerwold,Q3116953
Steenwijkerwoldq,Steenwijkerwoldq,
Stein,Stein,Q2339718
Sterkenrade Dutischland,Sterkenrade Dutischland,
Stettin,Stettin,Q393
Stevensweerd,Stevensweerd,
Stevensweert,Stevensweert,Q1880603
Stiphout,Stiphout,Q2709958
Stode-Brunsbeek,Stode-Brunsbeek,
Stolberf Deutschl,Stolberf Deutschl,
Stolberg,Stolberg,Q292904
Stolberg (D),Stolberg (D),
Stolberg (Dl),Stolberg (Dl),
Stolwijk,Stolwijk,Q2675598
Stompwijk,Stompwijk,Q2506794
Stoppeldijk,Stoppeldijk,Q3192988
Stoutenberg,Stoutenberg,
Stoutenborg,Stoutenborg,
Stoutenburg,Stoutenburg,Q2930594
Straatsburg,Straatsburg,Q6602
Stralen,Stralen,
Stralsund Pommeren,Stralsund Pommeren,
Stramproij,Stramproij,
Stratum,Stratum,Q12758989
Streefkerk,Streefkerk,Q959585
Strekrad (Dl),Strekrad (Dl),
Strijen,Strijen,Q858607
Strijp,Strijp,Q2008504
Stroe,Stroe,Q411161
Stroobos gem. Grootegast,Stroobos gem. Grootegast,
Stule,Stule,
Suderwick,Suderwick,Q485684
Suhuisterveen,Suhuisterveen,
Surhuisterveen,Surhuisterveen,Q2662899
Surhuisterveen gem. Dantumadeel,Surhuisterveen gem. Dantumadeel,
Surhuisterveen gemt Acht Karspelen,Surhuisterveen gemt Acht Karspelen,
Surhuizum,Surhuizum,Q940152
Sushuisterveen,Sushuisterveen,
Susteren,Susteren,Q1992070
Swalmen,Swalmen,Q1556536
Swichum (Leeuwarderadeel),Swichum (Leeuwarderadeel),
Temase,Temase,
Temsche,Temsche,
ten @ost,ten @ost,
Tensche,Tensche,
Ter Aar,Ter Aar,Q1616258
ter Aar,ter Aar,Q1616258
Ter Borg,Ter Borg,
Ter Kaple gem. Uteringeradeel,Ter Kaple gem. Uteringeradeel,
ter Neuzen,ter Neuzen,
Ter Neuzen,Ter Neuzen,
ter Post Groningen,ter Post Groningen,
Teraar,Teraar,Q1616258
Terborg,Terborg,Q1618053
Terheijden,Terheijden,Q2488235
Terhorne,Terhorne,Q2246118
Terkaple,Terkaple,Q585849
Termunterzijl gem Termunten,Termunterzijl gem Termunten,
Ternaard,Ternaard,Q1000723
Ternaat,Ternaat,
Terneuzen,Terneuzen,Q10081
Ternispel,Ternispel,
Terrool,Terrool,
Terschelling,Terschelling,Q204412
Terwispel,Terwispel,Q2354282
Terwisse,Terwisse,
Terzool,Terzool,Q2799847
Tessenderloo,Tessenderloo,Q740852
Teteringen,Teteringen,Q3519142
Texel,Texel,Q9966
Thielt,Thielt,Q651811
Tholen,Tholen,Q10082
Thurnhout,Thurnhout,
(Tiel) Utrecht,Tiel,Q73221
Tiel,Tiel,Q73221
Tienhoven,Tienhoven,Q411434
Tienhoven (Z.H.),Tienhoven (Z.H.),
Tienhoven (ZH),Tienhoven (ZH),
Tietjerkeseradeel,Tietjerkeseradeel,
Tietjerksteradeel,Tietjerksteradeel,Q840636
Tietjerkstradeel,Tietjerkstradeel,
Tilburg,Tilburg,Q26430
"Tilburg, volgens vonnis Eindhoven","Tilburg, volgens vonnis Eindhoven",
Tinkega,Tinkega,
Tjalleberd,Tjalleberd,Q2612140
Tjalleberd.,Tjalleberd.,
Tjerga@@ gem. Doniastal,Tjerga@@ gem. Doniastal,
Tjerkgaast gem Doniastal,Tjerkgaast gem Doniastal,
Tomaszow in Rusfisch Polen,Tomaszow in Rusfisch Polen,
Tonge@re,Tonge@re,
Tongelré,Tongelré,
Tournai,Tournai,Q173219
Tournay,Tournay,Q396203
Trazegnie,Trazegnie,
Tricht,Tricht,Q3112503
Trosden,Trosden,
Tubbergen,Tubbergen,Q10023
Tüddern ,Tüddern ,
Tuetz,Tuetz,
Tuijl,Tuijl,
Tull en 't Waal,Tull en 't Waal,Q2139917
Tull en Waal,Tull en Waal,
Tull in 't Waal,Tull in 't Waal,
Tull-in 't-Waal,Tull-in 't-Waal,
Turkensdorf,Turkensdorf,
Turnhout,Turnhout,Q271783
Tuul in 't Waal,Tuul in 't Waal,
Twello,Twello,Q2840627
Twello ,Twello ,Q2840627
Twello gem. Voorst,Twello gem. Voorst,
Twijselderheide gem. Twijsel,Twijselderheide gem. Twijsel,
Twijzel,Twijzel,Q3027960
Twijzel (Achtkarspelen),Twijzel (Achtkarspelen),
Tzummarum,Tzummarum,Q2377346
Ubach over Worms,Ubach over Worms,Q2731305
Ubacht over Worms,Ubacht over Worms,
Ubbergen,Ubbergen,Q369813
Ubbingen,Ubbingen,
Ucle,Ucle,
Uddenhout,Uddenhout,
Uden,Uden,Q9872
Udenhout,Udenhout,Q3030229
Uihuizermeeden,Uihuizermeeden,
Uitgeest,Uitgeest,Q9967
Uithoorn,Uithoorn,Q9969
Uithoven,Uithoven,
Uithuizen,Uithuizen,Q2223679
Uithuizermeeden,Uithuizermeeden,Q3101185
Ulft,Ulft,Q1260625
Ulrum,Ulrum,Q2498325
Urecht,Urecht,
Ureterp gem. Opsterland,Ureterp gem. Opsterland,
Ureterp gemeente Opsterland,Ureterp gemeente Opsterland,
Urk,Urk,Q273746
Ursem,Ursem,Q1977907
Ursen,Ursen,
Ursum,Ursum,
Usquert,Usquert,Q1889562
Utecht,Utecht,Q671365
Utercht,Utercht,
Utingeradeel,Utingeradeel,
Utrcht,Utrcht,
Utrech,Utrech,
Utrechct,Utrechct,
Utrecht,Utrecht,Q803
UTrecht,UTrecht,Q803
utrecht,utrecht,Q803
Utrecht ,Utrecht ,Q803
Utrecht Langbroek,Utrecht Langbroek,
Utrechtl,Utrechtl,
Utrechtt,Utrechtt,
Utreht,Utreht,
Uttrecht,Uttrecht,
V eenendaal,V eenendaal,
Vaals,Vaals,Q9768
Vaassen,Vaassen,Q3112535
Valburg,Valburg,Q1889496
Valburg (Herveld),Valburg (Herveld),
Valkenburg,Valkenburg,Q1651728
Valkenswaard,Valkenswaard,Q9873
Valtermond,Valtermond,
Varik,Varik,Q1846155
Vechel,Vechel,
Veen,Veen,Q344886
Veendam,Veendam,Q73065
Veenendaal,Veenendaal,Q1840
Veenendaal ,Veenendaal ,Q1840
Veenendaal (U),Veenendaal (U),
Veenendaal (Utr),Veenendaal (Utr),
Veenendaal @,Veenendaal @,
Veenendaal onder Ede (G),Veenendaal onder Ede (G),
Veenendaal onder Eede (G),Veenendaal onder Eede (G),
Veenendaal pr. Utrecht,Veenendaal pr. Utrecht,
Veenendaal pr(Utrecht),Veenendaal pr(Utrecht),
Veenoord,Veenoord,Q2409225
Veenoord gem. Sleen,Veenoord gem. Sleen,
Veenwoude,Veenwoude,
Veenwoude gem Dantumadeel,Veenwoude gem Dantumadeel,
Veenwouden,Veenwouden,Q3030099
Veere,Veere,Q10083
Veerseloo,Veerseloo,
Veghel,Veghel,Q12557060
Vel[,Vel[,
Veldhuizen,Veldhuizen,Q2677854
Velp,Velp,Q407019
Velp (gemeente Rheden),Velp (gemeente Rheden),
Velp (Gld),Velp (Gld),
Velp (Rheden),Velp (Rheden),
Velp gem. Rheden,Velp gem. Rheden,
Velsen,Velsen,Q9970
Velzen,Velzen,
Venhuijzen,Venhuijzen,
Venhuizen,Venhuizen,Q1615379
Venlo,Venlo,Q9777
Venraaij,Venraaij,
Venraij,Venraij,Q9775
Venray,Venray,Q9775
Veur,Veur,Q608038
Veuzon,Veuzon,
Vianen,Vianen,Q10052
Vierlingbeek,Vierlingbeek,
Vierlingsbeek,Vierlingsbeek,Q608813
Vierpolder,Vierpolder,
Vierpolders,Vierpolders,Q3028978
Vilvoorde,Vilvoorde,Q318418
Vilvoorde Belgie,Vilvoorde Belgie,
Vinekeveen en Waverveen,Vinekeveen en Waverveen,
vinekveen en Waverveen,vinekveen en Waverveen,
Vinekveen en Waverveen,Vinekveen en Waverveen,
Vinhune,Vinhune,
Vinkega,Vinkega,Q2112668
Vinkega (gem. Weststellingwerf),Vinkega (gem. Weststellingwerf),
Vinkenga,Vinkenga,
Vinkenveen,Vinkenveen,
Vinkenveen en Waverveen,Vinkenveen en Waverveen,
Vinkeveen,Vinkeveen,Q2667464
Vinkeveen - Waverveen,Vinkeveen - Waverveen,
Vinkeveen & Waverveen,Vinkeveen & Waverveen,
Vinkeveen en Waverveen,Vinkeveen en Waverveen,Q1329705
Vinkeveen Waverveen,Vinkeveen Waverveen,
Vinkeven-Waverveen,Vinkeven-Waverveen,
Vinkinga,Vinkinga,
Vlaardignen,Vlaardignen,
Vlaardingen,Vlaardingen,Q210007
Vlaardingen ,Vlaardingen ,Q210007
Vlaardingen-Ambacht,Vlaardingen-Ambacht,
Vlaardingerambacht,Vlaardingerambacht,Q2225792
Vlachtwedde,Vlachtwedde,
Vlagtwedde,Vlagtwedde,Q840460
vlagtwedde,vlagtwedde,Q840460
Vlagwedde,Vlagwedde,
Vledder,Vledder,Q770097
Vleuten,Vleuten,Q984079
Vlgtwedde,Vlgtwedde,
Vlieland,Vlieland,Q207851
Vlierden,Vlierden,Q2464477
Vlijmen,Vlijmen,Q1983269
Vlissigen,Vlissigen,
Vlissingen,Vlissingen,Q10084
Vlist,Vlist,Q1000865
Vlodrop,Vlodrop,Q283082
Voerendaal,Voerendaal,Q9770
Vollenhove,Vollenhove,Q81132
Voorburg,Voorburg,Q809821
Voorde,Voorde,Q385026
Voorhout,Voorhout,Q923574
Voorschoten,Voorschoten,Q848324
Voorst,Voorst,Q384772
Voorthuizen,Voorthuizen,Q947946
Vorohout,Vorohout,
Vossenburg gem. Hoogezand,Vossenburg gem. Hoogezand,
Vreeland,Vreeland,Q81493
Vreenland,Vreenland,
Vreeswijk,Vreeswijk,Q2407693
Vries,Vries,Q55553678
Vriezenveen,Vriezenveen,Q3120872
Vrijenban,Vrijenban,Q2265180
Vrouwen Parochie,Vrouwen Parochie,
Vrouwen Parochie Het Bildt,Vrouwen Parochie Het Bildt,
Vrouwepolder,Vrouwepolder,
Vucht,Vucht,Q329633
Vught,Vught,Q9876
Vugt,Vugt,
Vuren Gel.,Vuren Gel.,
Waalhem,Waalhem,
Waalwijk,Waalwijk,Q745038
Waarde,Waarde,Q2950738
Waarde Zeeland,Waarde Zeeland,
Waarden Zeeland,Waarden Zeeland,
Waardenburg,Waardenburg,Q2797402
Waarder,Waarder,Q2362118
Waarschoot,Waarschoot,Q911983
Waddinxveen,Waddinxveen,Q826048
Wadenoijen,Wadenoijen,Q2436205
Wadenooi,Wadenooi,
Wadenooien,Wadenooien,
Wagenberg gem. Ter Heide,Wagenberg gem. Ter Heide,
Wagenborgen gem. Termunten,Wagenborgen gem. Termunten,
`Wageningen,Wageningen,Q1305
Wageningen,Wageningen,Q1305
wagenmakersknecht,wagenmakersknecht,
Walburg,Walburg,Q2540933
Walsum,Walsum,Q17396905
Wamel,Wamel,Q593628
Wandingsveen,Wandingsveen,
Wanneperveen,Wanneperveen,Q3030505
Wanssum,Wanssum,Q3030575
Wapenveld gem. Heerde,Wapenveld gem. Heerde,
Wapenvelde gem. Heerde,Wapenvelde gem. Heerde,
Warchau,Warchau,
Wardingsveen,Wardingsveen,
Warffum,Warffum,Q1942428
Warga,Warga,Q2469346
Warmond,Warmond,Q1615421
Warnsveld,Warnsveld,Q735546
Warrega (Idaarderadeel),Warrega (Idaarderadeel),
Warschott,Warschott,
Wasmes,Wasmes,Q2350085
Wasmuël,Wasmuël,
Waspik,Waspik,Q2922346
Wassenaar,Wassenaar,Q505601
Watergraafsmeer,Watergraafsmeer,Q1936132
Wateringen,Wateringen,Q1615972
Waterland Oudeman,Waterland Oudeman,
Waterloo (Frankrijk),Waterloo (Frankrijk),
Wattrelos,Wattrelos,Q274290
Wavre,Wavre,Q181314
Wedde,Wedde,Q3025598
Weel,Weel,Q7979558
Weerdingeveen gem. Emmen,Weerdingeveen gem. Emmen,
Weerelo,Weerelo,
Weerselo,Weerselo,Q2598109
Weerseloo,Weerseloo,
Weert,Weert,Q9774
Weesp,Weesp,Q9974
Weesper Carspel,Weesper Carspel,
Weespercarspel,Weespercarspel,
Weesperkarspel,Weesperkarspel,Q634194
Weest,Weest,
Wehe,Wehe,
Wehl,Wehl,Q2045882
Wehle (Duitschl.),Wehle (Duitschl.),
Wehle Duitsland,Wehle Duitsland,
Weidum gem Barradeel,Weidum gem Barradeel,
Welden,Welden,Q511540
Well,Well,Q43483
Well gem Bergen,Well gem Bergen,
Well gem. Bergen (L),Well gem. Bergen (L),
Welsdorf,Welsdorf,
Weltem bij Leuven,Weltem bij Leuven,
Wemeldinge,Wemeldinge,Q2735922
Wemeldingen,Wemeldingen,
Werkendam,Werkendam,Q9880
werkendam,werkendam,Q9880
Werkhoven,Werkhoven,Q2541237
Werkman,Werkman,Q364289
werkman,werkman,Q364289
werkman telegrafie,werkman telegrafie,
Werperveen,Werperveen,
Wesemael,Wesemael,Q489116
Wesepe gem. Olst,Wesepe gem. Olst,
Wesperkarspel,Wesperkarspel,
West Zaan,West Zaan,
West-Graftdijk,West-Graftdijk,Q1987766
West-Zaan,West-Zaan,
Westaan,Westaan,
Westbroek,Westbroek,Q2072792
Westcappelle,Westcappelle,
Westdongeradeel,Westdongeradeel,Q851299
Westdorp,Westdorp,Q2059601
Westellingwerf,Westellingwerf,
Wester Engel,Wester Engel,
Westerbork,Westerbork,Q323420
Westerbroek,Westerbroek,
Westereinden,Westereinden,
Westeremden gem. Stedum,Westeremden gem. Stedum,
Westergeest gem Kollemerland en Nieuwkruisland,Westergeest gem Kollemerland en Nieuwkruisland,
Westerloo,Westerloo,
Westermarsch,Westermarsch,
Westervoort,Westervoort,Q524808
Westerwerf,Westerwerf,
Westgraafdijk,Westgraafdijk,
Westkerke,Westkerke,Q1213739
Westmaas,Westmaas,Q2726062
Weststellingerwerf,Weststellingerwerf,
Weststellingwerf,Weststellingwerf,Q753913
Westwoude,Westwoude,
Westzaan,Westzaan,Q953169
Wetteren,Wetteren,Q643980
Wetteren (België),Wetteren (België),
Wevelghem (België),Wevelghem (België),
Wezel (Pruisen),Wezel (Pruisen),
Wezep,Wezep,Q2213759
Wezepe gem. Olst,Wezepe gem. Olst,
Wezepe Gem'te Olst,Wezepe Gem'te Olst,
Wierden,Wierden,Q10025
Wierden bij Almelo,Wierden bij Almelo,
Wieren,Wieren,Q604160
Wieringen,Wieringen,Q669547
Wierum,Wierum,Q1000695
Wieze,Wieze,Q504653
Wij a/Zee en Duin,Wij a/Zee en Duin,
Wijbré,Wijbré,
Wijchen,Wijchen,Q72981
Wijde Wormer,Wijde Wormer,
Wijhe,Wijhe,Q3164650
Wijk,Wijk,Q364265
Wijk a/Zee,Wijk a/Zee,
Wijk a/Zee en Duin,Wijk a/Zee en Duin,
Wijk aan Zee,Wijk aan Zee,Q913649
Wijk aan Zee en Duin,Wijk aan Zee en Duin,Q2366583
Wijk b/Duurst,Wijk b/Duurst,
Wijk bij  Duurstede,Wijk bij  Duurstede,Q10053
Wijk bij Duurdtede,Wijk bij Duurdtede,
Wijk bij Duurst.,Wijk bij Duurst.,
Wijk bij Duurstede,Wijk bij Duurstede,Q10053
Wijk bij duurstede,Wijk bij duurstede,Q10053
wijk bij Duurstede,wijk bij Duurstede,Q10053
Wijk en Aalburg,Wijk en Aalburg,Q3111055
Wijk-bij- Duurstede,Wijk-bij- Duurstede,
Wijk-bij-Duurstede,Wijk-bij-Duurstede,
Wijk-bij-Duustede,Wijk-bij-Duustede,
Wijkbij Duurstede,Wijkbij Duurstede,
Wijkel,Wijkel,Q2002858
Wijlre,Wijlre,Q100019
Wijmbritseradeel,Wijmbritseradeel,
Wijnaldum,Wijnaldum,Q1871629
Wijngaarden,Wijngaarden,Q2251999
Wijnjeterp (gem. Opsterland),Wijnjeterp (gem. Opsterland),
Wijtgaard,Wijtgaard,Q2203880
Wijtgaard gem Leeuwarderadeel,Wijtgaard gem Leeuwarderadeel,
Wildervank,Wildervank,Q956545
Wildervank (GR),Wildervank (GR),
Wilelskop,Wilelskop,
Wilhelmmsoord,Wilhelmmsoord,
Wilhelmshafen,Wilhelmshafen,Q3857
Wilis,Wilis,Q8002414
Willebroeck,Willebroeck,Q695278
Willebroek,Willebroek,Q695278
Willemsdorp,Willemsdorp,
Willemskop,Willemskop,
Willemsoord  (Emmen),Willemsoord  (Emmen),
Willemsoord Fr. (Steenwijkerwold),Willemsoord Fr. (Steenwijkerwold),
Willemsoord in Steenwijkerwold,Willemsoord in Steenwijkerwold,
Willemstad,Willemstad,Q132679
Willenskop,Willenskop,
Willescop,Willescop,
Willeskop,Willeskop,Q2276020
Willeskop (Montfoort),Willeskop (Montfoort),
Willige Langerak,Willige Langerak,Q2473069
Williskoop,Williskoop,
Williskop,Williskop,
Wilmarsdonck,Wilmarsdonck,
`Wilnis,Wilnis,Q2299082
Wilnis,Wilnis,Q2299082
Wilp gem. Marum,Wilp gem. Marum,
Wilrijck,Wilrijck,
Wilsem,Wilsem,
Wilsum,Wilsum,Q1807455
Windeweer,Windeweer,Q3569275
Windeweer gem. Hoogezand,Windeweer gem. Hoogezand,
Winkel,Winkel,Q348650
Winschoten,Winschoten,Q73817
Winse gemeente Ewijk,Winse gemeente Ewijk,
Winsen,Winsen,Q297681
Winsen gem. Ewijk,Winsen gem. Ewijk,
Winsen gem.Ewijk,Winsen gem.Ewijk,
Winsum,Winsum,Q1025079
Winterswijk,Winterswijk,Q72974
Wintsem,Wintsem,
Wintsen,Wintsen,
Wirdum,Wirdum,Q2597427
Wisch,Wisch,Q362648
Wissenkerke,Wissenkerke,Q1848139
Witmarsum,Witmarsum,Q1212492
Wittem,Wittem,Q2615141
Witten,Witten,Q3764
Wjk bij Duurstede,Wjk bij Duurstede,
Woedenberg,Woedenberg,
Woensdrecht,Woensdrecht,Q9881
Woensel,Woensel,Q3569580
Woerden,Woerden,Q5128
Wognum,Wognum,Q117752
Wolfaartdijk,Wolfaartdijk,
Wolfenbuttel (D.),Wolfenbuttel (D.),
Wolfenbüttel (D.),Wolfenbüttel (D.),
Wolfenbuttel (D),Wolfenbuttel (D),
Wolfenbüttel (D),Wolfenbüttel (D),
Wolfenbüttel D'land,Wolfenbüttel D'land,
Wolffenbuttel,Wolffenbuttel,
Wolpern,Wolpern,
Wolvega,Wolvega,Q644366
Wolvega gem. Weststellingwerf,Wolvega gem. Weststellingwerf,
Wolvega gemeente Weststellingwerf,Wolvega gemeente Weststellingwerf,
Womerveer,Womerveer,
Wommels F,Wommels F,
Wonseradeel,Wonseradeel,Q497122
Workum,Workum,Q73405
Wormer,Wormer,Q2341553
Wormerveer,Wormerveer,Q1164598
Woubrugge,Woubrugge,Q1025067
Woudenbeg,Woudenbeg,
Woudenberg,Woudenberg,Q10055
Woudenberg ,Woudenberg ,Q10055
Woudend ,Woudend ,
Woudrichem,Woudrichem,Q9882
Woudsberg,Woudsberg,
Woudsend,Woudsend,Q1025084
Wouseradeel,Wouseradeel,
Wouw,Wouw,Q955118
Ylst,Ylst,
Yrseke,Yrseke,
Yselstein,Yselstein,
"Z Omaha, N Amerika","Z Omaha, N Amerika",
Zaamslag,Zaamslag,Q741975
Zaandam,Zaandam,Q211260
Zaandijk,Zaandijk,Q2168240
Zalt Bommel,Zalt Bommel,
Zalt-Bommel,Zalt-Bommel,
Zaltbommel,Zaltbommel,Q1532373
Zandvoort,Zandvoort,Q9980
Zantvoort,Zantvoort,
Zeddam,Zeddam,Q184256
Zeelhem,Zeelhem,
Zegveld,Zegveld,Q3102713
Zegwaart,Zegwaart,Q2529206
Zeirt,Zeirt,
Zeist,Zeist,Q10056
ZEist,Zeist,Q10056
zeist,Zeist,Q10056
Zeist Austerlitz,Zeist Austerlitz,
Zele,Zele,Q388115
Zelhem,Zelhem,Q1616224
Zerbst Hertogdom Anhalt,Zerbst Hertogdom Anhalt,
Zes Gehuchten,Zes Gehuchten,
Zes Gehuchten (N.B.),Zes Gehuchten (N.B.),
Zes-Gehuchten,Zes-Gehuchten,
Zevenaar,Zevenaar,Q197050
Zevenbergen,Zevenbergen,Q76960
Zevenhoven,Zevenhoven,Q197054
Zevenhuizen,Zevenhuizen,Q407031
Zevenum,Zevenum,
Ziegenrück,Ziegenrück,Q198831
Zierikzee,Zierikzee,Q81076
Zijpe,Zijpe,Q9984
Zijpe N.H,Zijpe N.H,
Zoelen,Zoelen,Q1985335
Zoest,Zoest,
Zoetermeer,Zoetermeer,Q26432
Zoeterwoude,Zoeterwoude,Q218259
Zollerkarspel,Zollerkarspel,
Zomeren,Zomeren,
Zonhoven (België),Zonhoven (België),
Zonnebeke,Zonnebeke,Q214154
Zuid Beijerland,Zuid Beijerland,
Zuid en Noord Schermer,Zuid en Noord Schermer,
Zuid Laren,Zuid Laren,
Zuid Scharwoude,Zuid Scharwoude,
Zuid Zande,Zuid Zande,
Zuid-Scharwoude,Zuid-Scharwoude,Q3576259
Zuidbroek,Zuidbroek,Q228619
Zuidhorn,Zuidhorn,Q210234
Zuidland,Zuidland,Q3576262
Zuidlaren,Zuidlaren,Q228666
Zuidwolde,Zuidwolde,Q1219053
Zuijlen,Zuijlen,
Zuilen,Zuilen,Q2143502
Zuilichem,Zuilichem,Q2424732
Zulichem,Zulichem,
Zundert,Zundert,Q9883
Züschen (Duitschland),Züschen (Duitschland),
Zupthen,Zutphen,Q109535
Zutfen,Zutphen,Q109535
Zutfen ,Zutphen,Q109535
Zuthen ,Zutphen,Q109535
Zutpfen,Zutphen,Q109535
Zutphen,Zutphen,Q109535
Zuyleln,Zuyleln,
Zwaag westeinde,Zwaag westeinde,
Zwaag-Westeinde,Zwaag-Westeinde,
Zwaagwesteinde,Zwaagwesteinde,Q1907265
Zwaluwe,Zwaluwe,
Zwammerdam,Zwammerdam,Q2946722
Zwartebroek,Zwartebroek,Q3117076
Zwartebroek Barneveld,Zwartebroek Barneveld,
Zwartewaal,Zwartewaal,Q3029866
Zwartsluis,Zwartsluis,Q2196318
Zwijnaerde (Belgie)q,Zwijnaerde (Belgie),
Zwijndrecht,Zwijndrecht,Q244681
Zwole,Zwole,
Zwolel,Zwolel,
Zwoll,Zwoll,
Zwolle,Zwolle,Q793
zwolle,zwolle,Q793
Zwolle ,Zwolle ,Q793
ZWolelrkarspel,Zwollerkerspel,Q245131
Zwolle Karspel,Zwollerkerspel,Q245131
Zwolle-Carspel,Zwollerkerspel,Q245131
"Zwolle, Karspel",Zwollerkerspel,Q245131
Zwollecarspel,Zwollerkerspel,Q245131
Zwollekerspel,Zwollerkerspel,Q245131
Zwoller-Kerspel,Zwollerkerspel,Q245131
Zwollerkerspel,Zwollerkerspel,Q245131
,,
,,
,,
,,
,,
,,
,,
,,
u,,
U,,
L,,